Timestamp,Reactor_Temp_C,Reactor_Pressure_bar,Catalyst_Flow_kg_h,Raw_Material_Purity_Pct,Energy_Consumption_MWh,Product_Yield_kg,Is_Anomaly,Energy_Efficiency_MWh_per_kg
2026-04-01T00:00:00.000+01:00,182.48357076505616,15.369362122670472,52.65152507466965,95.20468559478324,36.43993859514224,1154.0480694751234,0,0.03157575456255961
2026-04-01T01:00:00.000+01:00,179.3086784941441,12.947797928812049,54.6938954299413,91.32266438629388,34.22037591097804,1262.6768431945043,0,0.02710145204247378
2026-04-01T02:00:00.000+01:00,183.23844269050346,13.382177493473144,50.72408623481483,97.30011392940123,34.99463301168442,1219.6648836197164,0,0.028692006699272583
2026-04-01T03:00:00.000+01:00,187.61514928204014,15.891916912827257,44.812672208176615,95.72359236447356,36.49182469211628,1113.1204214575137,0,0.03278335747747228
2026-04-01T04:00:00.000+01:00,178.82923312638331,15.20503852575353,51.598751807010565,93.49349135514296,35.64247288446559,1193.5353680995106,0,0.029862938155925608
2026-04-01T05:00:00.000+01:00,178.8293152152541,14.779219996376785,47.39457242483268,96.06717265982456,35.20722926983958,1129.5704727909392,0,0.03116868767191627
2026-04-01T06:00:00.000+01:00,187.89606407753695,15.022120719678473,47.88553327300097,92.3391448131855,36.39626650574719,1177.8974360849709,0,0.030899351158042293
2026-04-01T07:00:00.000+01:00,183.83717364576455,15.417098046434004,52.34545607502037,93.1067298764479,35.890639921210536,1238.5181663014982,0,0.028978694780382827
2026-04-01T08:00:00.000+01:00,177.65262807032525,14.352288383628766,54.95313228573454,98.2573725881879,34.540109221596275,1255.6009523464966,0,0.0275088268745312
2026-04-01T09:00:00.000+01:00,182.7128002179298,14.066034329517224,50.08508630694425,92.61454055104278,35.49919665585217,1191.949810771209,0,0.029782459240363202
2026-04-01T10:00:00.000+01:00,177.68291153593768,15.235014306117218,51.235332050395854,94.22989441342143,33.434659552766945,1195.2492978371145,0,0.027972958957825162
2026-04-01T11:00:00.000+01:00,177.6713512321487,13.825952666861962,56.80885977854095,98.01127023656413,34.2675894886598,1247.0168895112292,0,0.027479651460126615
2026-04-01T12:00:00.000+01:00,181.20981135783018,15.489903306857366,50.96301271795427,96.36949215240774,35.40011333250439,1188.7976538458092,0,0.029778081423683475
2026-04-01T13:00:00.000+01:00,170.43359877671102,12.956899674914592,60.40673245672158,90.55982903548232,32.580912709679815,1289.7586649580273,0,0.02526124739060396
2026-04-01T14:00:00.000+01:00,171.37541083743483,16.234986764790772,52.26203858252617,91.32572739851074,34.146470637479155,1183.356418209488,0,0.028855609444486275
2026-04-01T15:00:00.000+01:00,177.18856235379513,15.567116978895651,42.95694896337673,90.07057431694726,34.58947213835533,1071.392619279609,0,0.03228459064951638
2026-04-01T16:00:00.000+01:00,174.93584439832787,15.307235681176651,53.01336648441813,95.67829611206247,35.17956164514226,1217.045591111085,0,0.02890570567124405
2026-04-01T17:00:00.000+01:00,181.57123666297636,16.179229180734616,51.52463353953111,94.02906082869376,36.25804119820081,1192.794275831839,0,0.030397564720802274
2026-04-01T18:00:00.000+01:00,175.45987962239394,16.998569333355093,55.159011016330986,91.20847365812048,34.485793025471025,1227.7871966384032,0,0.028087760745421318
2026-04-01T19:00:00.000+01:00,172.93848149332354,16.217244078021757,52.692725405079834,98.62140708951094,34.108802183819535,1205.5862318910697,0,0.02829229571601596
2026-04-01T20:00:00.000+01:00,187.32824384460778,12.790950922402025,49.44617606406491,94.76693751551058,35.620452978367375,1158.0815398482625,0,0.03075815627199665
2026-04-01T21:00:00.000+01:00,178.87111849756732,13.464507639917159,45.102807054842536,92.177039647016,34.29773956453872,1084.250157932175,0,0.031632681179359544
2026-04-01T22:00:00.000+01:00,180.33764102343963,14.250217706765186,49.1639069708559,94.50543214039237,34.99820218688305,1187.5449232055644,0,0.02947105537061426
2026-04-01T23:00:00.000+01:00,172.8762590689327,15.031309260253,46.597918183162804,96.11658299461597,33.55855967794671,1101.528411339611,0,0.030465450852179887
2026-04-02T00:00:00.000+01:00,177.27808637737408,15.621190824562948,47.67790620078111,90.68615296176208,34.15064345404994,1157.95129312276,0,0.02949229700495655
2026-04-02T01:00:00.000+01:00,180.55461294854933,14.12910742421584,52.354313617682436,92.47233433543103,35.220369039075706,1225.8680886991704,0,0.028730961645677386
2026-04-02T02:00:00.000+01:00,174.24503211288848,15.224120117372493,56.67961801740562,97.26268941795594,34.49634363251868,1263.162562141039,0,0.02730950446635148
2026-04-02T03:00:00.000+01:00,181.87849009172837,14.093540481176014,51.57868611929192,94.13698383362396,34.69832373016446,1143.4294270094529,0,0.030345837627176624
2026-04-02T04:00:00.000+01:00,176.99680655040598,14.266178636409663,45.21646775185926,94.91919427829066,34.85043442522413,1115.048178896128,0,0.03125464449412872
2026-04-02T05:00:00.000+01:00,178.5415312510336,13.312006683782133,51.77841067288056,93.89534401988523,34.1278421598288,1195.6386209283314,0,0.028543609718236496
2026-04-02T06:00:00.000+01:00,176.99146693885302,13.892120104666915,54.78652594658261,90.39509948378705,34.45372668078033,1198.8067448955612,0,0.028740017377681587
2026-04-02T07:00:00.000+01:00,189.26139092254468,13.3779784732604,47.56086838272247,91.4917480183814,36.47497633934001,1126.3930447900302,0,0.03238210366092883
2026-04-02T08:00:00.000+01:00,179.93251387631034,13.828952096427201,49.46393133330833,94.00987474867702,34.73886121838014,1200.2105789716752,0,0.02894397185545885
2026-04-02T09:00:00.000+01:00,174.7114453552205,16.264370155929406,50.05875277891679,91.88266918867134,34.68696129053952,1181.5342533477217,0,0.029357558777715148
2026-04-02T10:00:00.000+01:00,184.11272456051594,13.860721333401669,46.86040674767104,90.44981125793711,35.130838128813934,1105.632843716239,0,0.031774416189313454
2026-04-02T11:00:00.000+01:00,173.8957817501449,18.15885847780487,52.59312173537543,97.59284697646642,34.61790566636866,1189.5368653384621,0,0.029102003204010605
2026-04-02T12:00:00.000+01:00,181.04431797502377,15.591981481057067,49.51620740556887,98.83073276247704,35.17211427702481,1182.977073564539,0,0.029731864685293027
2026-04-02T13:00:00.000+01:00,170.2016493806011,15.221803348433848,51.67812977562811,97.13828586597066,33.20131890350682,1204.421565184411,0,0.027566194315379353
2026-04-02T14:00:00.000+01:00,173.35906975550785,13.969970663782544,46.4500312887916,97.684064295342,33.709467514524796,1158.0606163941334,0,0.029108551864483873
2026-04-02T15:00:00.000+01:00,180.98430617934562,15.840371855290789,48.25016679870636,92.17779417285341,34.54141114852813,1137.0068440245368,0,0.030379246466332367
2026-04-02T16:00:00.000+01:00,183.69233289997706,14.309234608514672,52.889525431311085,98.6456427796188,35.170119983128444,1239.4868678014454,0,0.0283747419167997
2026-04-02T17:00:00.000+01:00,180.85684140594987,15.146411777574434,48.50866739163293,91.77233134008085,35.01537081972253,1187.896414861123,0,0.029476788027696987
2026-04-02T18:00:00.000+01:00,179.4217585880588,18.072101445922552,56.90785540493362,98.56286829325649,35.39959420114564,1293.4557584811148,0,0.027368229619786022
2026-04-02T19:00:00.000+01:00,178.49448152205355,14.88472812033042,48.40145525754159,98.95337364569356,34.630369129438726,1175.6691875266579,0,0.029455878827864147
2026-04-02T20:00:00.000+01:00,172.60739004816287,16.37912799154281,50.89873890300754,96.40550525171444,34.13605200560293,1192.7438784218823,0,0.028619767095990706
2026-04-02T21:00:00.000+01:00,176.40077895802645,14.156188289848934,53.73036332749236,98.8302935861264,34.53107526071679,1232.9520715908166,0,0.02800682691271451
2026-04-02T22:00:00.000+01:00,177.69680614520107,14.958013811403646,44.326537068267875,95.12585801610393,35.08338222112715,1136.0346951326733,0,0.03088231580553083
2026-04-02T23:00:00.000+01:00,185.28561113109458,17.124960762762612,42.95676475207689,92.33587604858481,35.89295120879258,1072.278412300236,0,0.03347353709359452
2026-04-03T00:00:00.000+01:00,181.7180914478423,14.247639530654679,43.897374741719624,93.93296297099059,34.50564119561271,1103.4048029645974,0,0.031271969365099656
2026-04-03T01:00:00.000+01:00,171.18479922318633,17.174938269596314,55.05033641370873,95.34204841840908,33.59168533127566,1242.9961886757628,0,0.027024769373639727
2026-04-03T02:00:00.000+01:00,181.620419846974,15.84930232254657,47.79256741643022,90.65773405824314,35.16932198095795,1126.1060613739046,0,0.031230914375906704
2026-04-03T03:00:00.000+01:00,178.07458859791842,14.32503986892688,60.23279714267301,95.60108938155521,34.400235604564884,1277.748612280615,0,0.02692253802816889
2026-04-03T04:00:00.000+01:00,176.6153899984702,15.758889286866625,47.743009605370446,98.83060053086065,34.25908832404512,1174.6980074602413,0,0.029164166540228555
2026-04-03T05:00:00.000+01:00,183.05838144420434,16.167065339552074,50.738205212788145,91.71096884805355,35.04411195241612,1174.4822585085642,0,0.02983792364553677
2026-04-03T06:00:00.000+01:00,185.15499761247975,15.746171954660635,56.1684398102715,97.13335604659545,35.69442361906699,1272.5595112983713,0,0.02804931580971688
2026-04-03T07:00:00.000+01:00,184.656400595581,13.115730336131453,58.024371552636495,98.17108914401658,35.412319466620424,1278.304809078921,0,0.027702562968637094
2026-04-03T08:00:00.000+01:00,175.8039123838868,14.127435389010158,58.24601430654559,98.49331433538198,34.49358866830283,1317.341854996336,0,0.02618423497095882
2026-04-03T09:00:00.000+01:00,178.4539381207439,14.702977637338194,54.83346492237257,98.64122043964902,34.42997471902507,1235.0309852028302,0,0.02787782260650781
2026-04-03T10:00:00.000+01:00,181.6563171570178,14.910679885079944,54.09625010324585,94.69313674849325,35.02408463949694,1262.1683539132812,0,0.027749138639791403
2026-04-03T11:00:00.000+01:00,184.8777256356118,15.744806517060814,52.37010779680473,98.79577117192353,35.41727099433028,1188.6716480527857,0,0.029795672381308026
2026-04-03T12:00:00.000+01:00,177.60412881077355,15.213241201119905,53.11344430466655,96.81579186420996,34.66754797665262,1233.3199004039761,0,0.028109128836157758
2026-04-03T13:00:00.000+01:00,179.0717051166809,13.397586769547878,47.79525713468587,91.45504292613266,34.1160588043163,1148.8718709712934,0,0.02969526860769381
2026-04-03T14:00:00.000+01:00,174.46832512996986,15.456237421207156,46.72720446631077,94.29210095821173,34.54806016035751,1121.9837160697584,0,0.03079194436206016
2026-04-03T15:00:00.000+01:00,174.01896687959663,15.732702894340587,49.98650217035619,96.46498057834803,33.35645236484056,1194.1858271148867,0,0.02793238004291898
2026-04-03T16:00:00.000+01:00,184.06262911197098,15.671748537517248,49.31926150990029,92.22606284237175,35.563929238072866,1186.3257628834936,0,0.029978215386329363
2026-04-03T17:00:00.000+01:00,186.78120014285412,16.296936870665547,48.1870878026909,95.76553665193998,36.427121065157095,1116.9708234529694,0,0.03261241950129674
2026-04-03T18:00:00.000+01:00,179.63994939209834,16.000706585458683,52.78554978982686,95.99940431141957,35.23805098406774,1227.4791108734169,0,0.02870765838042978
2026-04-03T19:00:00.000+01:00,185.01766448946012,15.551016095074123,53.821220834282045,91.46429769427709,37.20936972442409,1161.8464243818914,0,0.032026065531182125
2026-04-03T20:00:00.000+01:00,181.80818012523818,14.915801146249624,50.35362754516739,95.0857678120748,35.429287260319605,1165.2733057198438,0,0.030404272616914772
2026-04-03T21:00:00.000+01:00,176.7744012269744,13.006846879780811,55.91012032422105,96.94464219880747,33.61550226158131,1291.2833399839014,0,0.026032630655639374
2026-04-03T22:00:00.000+01:00,181.80697802754207,15.515541862959102,45.43324354346598,94.49006098082347,35.32642295317859,1111.5235257770446,0,0.031781984037164285
2026-04-03T23:00:00.000+01:00,187.69018283232984,15.249225224595733,49.225362162881126,90.10892805098497,35.3152493030354,1127.662458870334,0,0.031317216446500665
2026-04-04T00:00:00.000+01:00,179.82086980445024,15.325894604634449,47.13271071758878,90.08134622171363,34.99800951694604,1121.9591589182262,0,0.031193657308070395
2026-04-04T01:00:00.000+01:00,187.82321827907003,13.467901709015628,42.53385353170776,93.21326409573011,35.45053505516325,1124.6174255266847,0,0.03152230638660159
2026-04-04T02:00:00.000+01:00,166.9012744795513,13.702732151510086,49.6692772566292,98.33574661588604,33.23343274001479,1152.740668598974,0,0.028829929961962972
2026-04-04T03:00:00.000+01:00,184.10951252187613,16.263783423999485,49.51300996646687,92.05809101643248,35.59441342578355,1141.3622854305454,0,0.03118590291631776
2026-04-04T04:00:00.000+01:00,180.43523534119086,14.952533815372014,56.05379897296852,95.70927319984519,34.99740910635541,1285.4313141385956,0,0.027226199269782207
2026-04-04T05:00:00.000+01:00,178.50496324767067,15.81780083684715,52.52324673821911,91.99868283623988,34.621525733817826,1235.4277390743434,0,0.028023918064004578
2026-04-04T06:00:00.000+01:00,180.4588038826775,15.033982051356551,45.90325270268318,92.89502990693593,35.9450426685996,1120.3505275741363,0,0.03208374681308929
2026-04-04T07:00:00.000+01:00,170.06215542699553,15.035707367394892,57.41637026533675,97.63237880641336,33.355843404469354,1254.7449043591614,0,0.026583764786441
2026-04-04T08:00:00.000+01:00,178.90164056081244,16.1259405671712,54.88413478210141,96.55975298042952,35.976712719295705,1286.765499343118,0,0.0279590280728396
2026-04-04T09:00:00.000+01:00,181.78556285755874,14.380746326139151,52.328390813874464,90.8585934958189,35.55105957492078,1223.263911584753,0,0.029062460878833542
2026-04-04T10:00:00.000+01:00,187.38947022370758,15.11534493232918,49.09406360460067,93.8583181888779,36.37252288368967,1178.1409757659642,0,0.03087281032733982
2026-04-04T11:00:00.000+01:00,177.40864890863176,14.445269653553948,46.16224305310608,90.26252787280738,34.68471784066432,1098.7489811497542,0,0.031567463029061923
2026-04-04T12:00:00.000+01:00,175.95753198553408,14.478604527081222,48.51117289571579,94.32801131942708,34.486249352354484,1158.465533209537,0,0.02976890409230397
2026-04-04T13:00:00.000+01:00,177.49121478207732,14.628993451837633,54.35499447881674,95.96190610530961,33.58564461800632,1232.9003565461428,0,0.02724116709000995
2026-04-04T14:00:00.000+01:00,184.57701058851038,15.266560525960456,57.53834522373843,91.06652361238336,35.600421996393266,1261.3432632267063,0,0.02822421384748353
2026-04-04T15:00:00.000+01:00,181.64375554829843,14.425501654003828,56.172974113088756,92.5999644501825,35.55424264863769,1273.4955759204217,0,0.027918622821238137
2026-04-04T16:00:00.000+01:00,177.3511989811648,16.506907350688223,48.044602312854906,93.58052962951942,34.87961272557531,1168.4456870950846,0,0.029851291429977195
2026-04-04T17:00:00.000+01:00,182.56633716556678,13.926471237336596,45.52153026684395,98.27577922190444,34.46764989890055,1117.8139585500498,0,0.03083487161281254
2026-04-04T18:00:00.000+01:00,180.4853877467402,14.77575402700637,50.56354498764482,98.93929513880667,35.00175674212357,1230.0496494073552,0,0.028455564179045625
2026-04-04T19:00:00.000+01:00,184.84322495266446,14.47232273007099,42.92624253774859,90.40420169096055,36.47300104704161,1082.9943600170884,0,0.033677923351757906
2026-04-04T20:00:00.000+01:00,176.48973453061325,16.736373461224478,51.29267085673913,96.84907131145853,35.44418072960424,1216.649651443882,0,0.029132610762301364
2026-04-04T21:00:00.000+01:00,178.36168926701117,15.23586573181389,49.40958965480532,93.34551659762108,34.770424531731436,1195.6279594337202,0,0.02908130765710731
2026-04-04T22:00:00.000+01:00,178.0394592343392,16.238213447362362,48.13585399252703,93.53212367606532,35.429286213152395,1129.5271376243147,0,0.03136647631828419
2026-04-04T23:00:00.000+01:00,172.6824252593394,13.217327552355634,43.62118773093282,96.78838476012321,33.362575789188014,1109.8912802375573,0,0.030059318766832013
2026-04-05T00:00:00.000+01:00,181.48060138532287,15.32046031904311,52.05440042627887,98.26583788930868,34.43424647819369,1207.0870656453967,0,0.028526729726643732
2026-04-05T01:00:00.000+01:00,181.30527636089946,16.067556954748124,47.86919664135235,98.55835735052294,34.94706985101976,1137.306600591011,0,0.03072792317644092
2026-04-05T02:00:00.000+01:00,180.0255672832123,15.09874078713051,45.32033265715885,95.19410327434488,35.805027634162045,1131.5546045353842,0,0.03164233302630903
2026-04-05T03:00:00.000+01:00,178.82706433312427,16.278576450078422,38.5109511468734,93.21409043370453,34.942778399069674,1085.2189065289874,0,0.03219882936875124
2026-04-05T04:00:00.000+01:00,172.92314628974793,14.379253859879553,49.88994037979745,97.08794177272901,33.69263072575059,1150.2294967583705,0,0.02929209416095197
2026-04-05T05:00:00.000+01:00,177.8967733861732,16.691216928222694,57.089006386678975,92.2590124493607,34.87284029543308,1253.4585142166009,0,0.027821295958269713
2026-04-05T06:00:00.000+01:00,178.28642741736616,17.7586777483431,56.64503685819148,95.07666625950166,36.246767957060044,1272.8579660378,0,0.02847667919295846
2026-04-05T07:00:00.000+01:00,175.98861365389192,14.56459372747241,48.17161497365491,93.22720615372386,35.1241902512593,1153.4297683318778,0,0.030451954003282645
2026-04-05T08:00:00.000+01:00,179.19357144166995,14.465396974319074,47.591151758552876,95.90967966337088,35.881505227838375,1152.4699787058032,0,0.031134438111899854
2026-04-05T09:00:00.000+01:00,182.02025428407268,16.744061372541243,51.875097024300096,92.16359021604156,35.57232781191912,1165.171197886851,0,0.030529700593726426
2026-04-05T10:00:00.000+01:00,189.43092950605265,16.895486574876855,46.00645824324683,91.72433651161343,36.941548985256816,1123.630579824219,0,0.03287695230850335
2026-04-05T11:00:00.000+01:00,180.87288906415918,14.372567967416078,51.20716759927787,98.26415178007893,34.2471256783967,1192.4073387713315,0,0.0287209953887782
2026-04-05T12:00:00.000+01:00,181.28775195361382,14.49577581948497,53.06432111353876,90.91623314654584,35.83078516999821,1156.6383518490775,0,0.030978382406840286
2026-04-05T13:00:00.000+01:00,179.62777042116917,14.661858469367392,54.90773289553723,94.55362116961439,34.29264748141488,1260.999123835179,0,0.02719482260789989
2026-04-05T14:00:00.000+01:00,170.4061439235048,13.386659386758868,49.59938369408019,91.98767504666708,33.346641247758804,1182.3110209124713,0,0.02820462691959252
2026-04-05T15:00:00.000+01:00,179.86743062275391,13.897617664218963,49.185304999292136,90.35036966993101,34.21098686244046,1152.6583582082512,0,0.02968007529622194
2026-04-05T16:00:00.000+01:00,180.30115104970514,13.795031079897518,46.488069652973756,90.32416936462283,34.50974546006592,1123.7350070582904,0,0.030709860637344932
2026-04-05T17:00:00.000+01:00,192.31621056242642,14.078642921875046,46.69247858384056,91.57699594895244,36.24452895321412,1148.1040870562076,0,0.031569027026240086
2026-04-05T18:00:00.000+01:00,179.03819517609438,14.958378135135863,49.09408443239389,97.800933190554,34.54346727310342,1184.8195390865044,0,0.029155045248271668
2026-04-05T19:00:00.000+01:00,181.50773671166806,15.281057679043824,51.46946202726471,92.54230869579324,35.01281069098448,1205.8831302055758,0,0.029034995028925887
2026-04-05T20:00:00.000+01:00,179.82644115147377,16.860600591376894,53.654338504932994,98.55413253517766,35.07195189353391,1232.1189481824294,0,0.02846474518168119
2026-04-05T21:00:00.000+01:00,174.15660981190234,13.801975151113451,46.78728419727862,95.23460063690274,34.30055345789819,1168.6254876864334,0,0.029351194047465223
2026-04-05T22:00:00.000+01:00,185.71411407257511,16.1811868781719,55.97075427583809,93.9295277079189,35.54092308998939,1253.7828766603864,0,0.02834695205333898
2026-04-05T23:00:00.000+01:00,183.75966516343388,14.743213386929389,48.91550559582973,95.2207995120251,35.62286316540789,1171.7503040701745,0,0.03040141149668905
2026-04-06T00:00:00.000+01:00,183.95515973521523,14.94064354841708,49.91453082260625,94.65028546703641,36.19038224611848,1152.17428996518,0,0.03141051016440594
2026-04-06T01:00:00.000+01:00,175.4530627260263,15.809783390599923,47.0111532834087,96.82898628381592,34.223317904767235,1157.1889016222024,0,0.0295745300156192
2026-04-06T02:00:00.000+01:00,187.0139715546805,13.652733574125241,40.30303895890823,92.54246459375567,35.42368300265332,1037.1672275320325,0,0.0341542637120775
2026-04-06T03:00:00.000+01:00,172.9907446860386,15.45889169542086,53.5361815854442,93.17745352440272,33.92512772939983,1202.3783385923714,0,0.028215019050589436
2026-04-06T04:00:00.000+01:00,182.93428546900134,15.199742649855667,52.94737558836973,98.04684872279925,36.06995395450169,1211.2483893853114,0,0.02977915534963609
2026-04-06T05:00:00.000+01:00,190.9522781290499,15.590941516809778,48.874689771527144,98.51810861835365,36.858083838196116,1159.244013093756,0,0.03179493137068731
2026-04-06T06:00:00.000+01:00,175.04731837434656,15.347002372689381,50.26796286889949,98.03302404737828,34.06089108338606,1237.8430786766462,0,0.027516323894463176
2026-04-06T07:00:00.000+01:00,177.16851135198615,17.946360167893072,52.0637568708164,93.77503194561582,35.40648706197056,1226.491991472028,0,0.028868094784276505
2026-04-06T08:00:00.000+01:00,180.4982568254382,14.23471201889842,43.74981657245383,97.02328952706193,34.3705348526772,1151.498307020579,0,0.029848532684002418
2026-04-06T09:00:00.000+01:00,177.482621729419,14.362803653997819,47.88378929061482,94.28702159970989,34.83563374543389,1127.295657495106,0,0.03090194973591932
2026-04-06T10:00:00.000+01:00,172.24668284466932,14.252231368290282,53.17705871848731,94.47785866931493,33.89175235420934,1217.4612142973251,0,0.02783805509054384
2026-04-06T11:00:00.000+01:00,180.34281487403013,14.333427457007694,44.982842307323004,91.84212098151555,34.764203486936616,1081.2924391098563,0,0.03215060258402923
2026-04-06T12:00:00.000+01:00,174.68848143136947,14.235135447232178,51.17423172866652,95.32017272932664,33.631006404928236,1181.4575741173635,0,0.02846569114430799
2026-04-06T13:00:00.000+01:00,182.3679621531759,16.426819837329063,44.57367278150638,91.67522307978012,35.19721782930047,1083.2224260288656,0,0.032493066044002435
2026-04-06T14:00:00.000+01:00,175.40287882883098,16.704605097587827,51.865719929734105,92.98408229160475,34.918761512015166,1219.1166484520595,0,0.02864267464180095
2026-04-06T15:00:00.000+01:00,187.7496720250877,14.315104447500628,49.857434070810065,97.69527181457941,36.63996194450781,1181.1457025460033,0,0.031020696147417728
2026-04-06T16:00:00.000+01:00,176.08373353831882,14.001173312274926,43.53947273637796,91.8636822828977,33.89414081968841,1111.2959886420067,0,0.030499651907415534
2026-04-06T17:00:00.000+01:00,178.38969241897163,15.565698667663685,54.65895741782869,90.6404245665609,35.10078694815422,1230.5516050719584,0,0.028524433110711882
2026-04-06T18:00:00.000+01:00,184.06758608684834,14.337332346862834,47.0616336928078,90.62106833351535,34.43409087309878,1173.2966526898508,0,0.029348154018982858
2026-04-06T19:00:00.000+01:00,173.84567841783021,15.759518181306614,46.75899025194248,98.46706068452797,33.93644653360725,1125.387241298627,0,0.03015535034362634
2026-04-06T20:00:00.000+01:00,181.13729967302064,15.243507625021559,50.80227678892377,94.56228394165652,35.203767009521954,1213.0611220294472,0,0.029020604461072966
2026-04-06T21:00:00.000+01:00,186.53571377141213,13.181107062003322,54.59454939771486,93.68470864635316,35.16173676962157,1252.8022447660055,0,0.028066470120500918
2026-04-06T22:00:00.000+01:00,171.96258382719387,16.857006241596075,45.93671272408641,97.29790722907127,33.6975356350035,1120.9646048447814,0,0.030061195054119975
2026-04-06T23:00:00.000+01:00,180.92316929266153,17.155053207714626,50.246719399391885,97.52243335119465,35.23559625720771,1213.1930329269444,0,0.02904368497088914
2026-04-07T00:00:00.000+01:00,181.29941397124213,14.264653571418737,51.71526600132229,92.98971929804044,35.193939174133256,1199.264968468554,0,0.029346257999243876
2026-04-07T01:00:00.000+01:00,183.90911435888654,14.534758128076819,52.772422429052575,96.24256251726416,35.39965427024516,1213.6897940186195,0,0.02916697037801908
2026-04-07T02:00:00.000+01:00,173.8152464456096,15.343038468869887,50.7057662211089,96.94010534266698,33.02177904395293,1179.7509062845347,0,0.027990467197817667
2026-04-07T03:00:00.000+01:00,173.39771693457863,15.40134814798443,48.53188864366671,95.89185618179359,33.029577093466145,1151.5678994221912,0,0.028682266247642897
2026-04-07T04:00:00.000+01:00,182.60970782808448,15.790253127207396,46.68963911740512,91.36435567320089,35.24607421072556,1166.7293340173835,0,0.030209298063470492
2026-04-07T05:00:00.000+01:00,181.48492336616593,17.41224544651962,50.3445755321855,97.88294775165352,35.93403088725559,1195.6803537719898,0,0.030053208429740602
2026-04-07T06:00:00.000+01:00,181.25246425172938,14.787663327007142,45.71144395205757,94.85185097462409,33.77164988179822,1143.5873313538164,0,0.029531325641582815
2026-04-07T07:00:00.000+01:00,181.73224104748488,14.042043306553856,38.314598066021574,92.54225183733003,34.81837973035769,1014.1261965082278,0,0.03433337966245427
2026-04-07T08:00:00.000+01:00,176.59987639210755,13.344816926382567,51.74623921663067,93.82705366893924,33.89582091583394,1180.6660263508923,0,0.02870906772899735
2026-04-07T09:00:00.000+01:00,181.161268485805,14.122883952069698,53.61573936434478,90.33813981359016,35.692935952388915,1226.381127811497,0,0.029104276919267105
2026-04-07T10:00:00.000+01:00,181.4653623664934,14.960247632551443,40.54827025783265,91.15080121100176,35.019342975627865,1024.1909237069683,0,0.03419220202506624
2026-04-07T11:00:00.000+01:00,176.42824290986817,17.153469436221346,45.96107718116025,96.88992075464274,35.08642481609496,1130.7883338343886,0,0.031028286874096457
2026-04-07T12:00:00.000+01:00,189.3288725557238,14.378866441156594,52.47661704402079,90.00010471279829,36.34573274163362,1190.4003716008874,0,0.03053236004349927
2026-04-07T13:00:00.000+01:00,182.36916460455893,15.268545541966677,58.22998187884679,93.74909245634063,34.34380055917357,1275.983604408325,0,0.026915550043528053
2026-04-07T14:00:00.000+01:00,174.04348251398676,14.980292524712697,50.08317483070163,94.7025916297703,34.486684490356424,1176.2265987871776,0,0.02931976247256786
2026-04-07T15:00:00.000+01:00,183.28276804316914,16.426071928137702,47.087988235083465,90.49170978000875,35.88532784483105,1134.939093562955,0,0.03161872566410146
2026-04-07T16:00:00.000+01:00,175.12659164886338,18.032318911048346,49.268414235580636,98.757703466751,35.129586849376466,1200.1088998103278,0,0.029271999278505934
2026-04-07T17:00:00.000+01:00,183.93542301871227,14.362957472495616,55.49950567659274,92.03512798124704,37.42602380052413,1248.8273309532876,0,0.029968933953387386
2026-04-07T18:00:00.000+01:00,185.792977895037,14.412672668978134,47.41614328350186,92.73778847672652,34.709424748301885,1120.228797135572,0,0.030984228255026093
2026-04-07T19:00:00.000+01:00,175.89658840824146,16.252993052482886,46.80323197339899,92.73548261029525,35.49743519661335,1126.897612163393,0,0.0315001423496374
2026-04-07T20:00:00.000+01:00,184.81688064622162,15.818269787551573,48.06902591127187,92.07374995905614,35.742462294743376,1169.0185680090258,0,0.03057476012174634
2026-04-07T21:00:00.000+01:00,182.0639046346825,17.21604879088324,46.18668556696515,90.0132643987768,35.89645990558053,1132.1862281501667,0,0.031705437686015935
2026-04-07T22:00:00.000+01:00,184.11030079997246,15.700713822391156,50.490681263979184,96.56410314679196,35.73393176182348,1164.6873987252968,0,0.030681135385282624
2026-04-07T23:00:00.000+01:00,189.48396491326974,14.568849491055529,56.49871383387824,98.70160949819356,36.12424646850255,1279.8206020063571,0,0.028226023562889255
2026-04-08T00:00:00.000+01:00,178.77305941998566,15.708785796830771,51.29231709246412,92.0186413495654,34.672799608244624,1144.017865520335,0,0.030307917955874192
2026-04-08T01:00:00.000+01:00,176.23131917821254,16.33044429669949,48.99058599149485,95.9674247262308,34.865541103858284,1172.6954288440688,0,0.029731113677338543
2026-04-08T02:00:00.000+01:00,175.55242785187238,15.984578617436837,48.83275492433782,96.67706694262844,33.77119305293238,1210.6566671974872,0,0.027894938315673183
2026-04-08T03:00:00.000+01:00,175.92094857517282,15.114204672249796,43.74723676521337,97.63582841181473,34.88517763750256,1096.5523004844397,0,0.03181351005518919
2026-04-08T04:00:00.000+01:00,179.61449145292949,16.280009627506985,53.53243910858863,93.80366277312248,34.99007844099819,1200.917459485722,0,0.02913612269071536
2026-04-08T05:00:00.000+01:00,181.7057598740832,16.403154708534807,49.688651211948795,92.72637815076386,34.97146025329926,1182.449922777898,0,0.029575426053681617
2026-04-08T06:00:00.000+01:00,181.3834539966501,16.658590789245032,49.2780803456375,92.92765620620727,35.314229828348616,1132.1915586682862,0,0.03119103791048058
2026-04-08T07:00:00.000+01:00,184.1359162451801,15.778451865107572,62.77243027137944,96.41359199788661,36.404652418229816,1326.2684306503988,0,0.02744893234047429
2026-04-08T08:00:00.000+01:00,180.06500945938953,14.799458303619774,51.19501163346275,97.35101519855073,34.70197553612427,1215.673023147391,0,0.028545484579628553
2026-04-08T09:00:00.000+01:00,187.26767038578657,15.176056423719988,46.992835799619264,91.63452570980942,36.30458865171679,1117.7664154808808,0,0.03247958441844755
2026-04-08T10:00:00.000+01:00,178.67671583381022,16.44781075981003,48.29456961517783,93.33846907341989,34.725591389175804,1148.1693119315942,0,0.030244312427020078
2026-04-08T11:00:00.000+01:00,193.6008458329481,14.019677194815317,54.59378283678702,98.11746177074235,37.223023238867086,1262.4789553307144,0,0.029484074234818653
2026-04-08T12:00:00.000+01:00,183.12833673882503,15.442407970647482,50.453081642151055,97.26024167725265,35.90048597434835,1202.9088680855546,0,0.029844726335324513
2026-04-08T13:00:00.000+01:00,175.7142122179186,14.527993425207168,44.246888086730536,98.86372562486228,35.18703493437743,1131.7539274661235,0,0.03109071157646208
2026-04-08T14:00:00.000+01:00,174.64553750969444,15.03449378752178,53.67691573830081,96.78823433713873,34.115947411208914,1224.4934806227639,0,0.027861273213033295
2026-04-08T15:00:00.000+01:00,182.4123620762159,16.53414223512876,47.32742365784402,93.5387568092513,36.00301016083709,1149.4853334365127,0,0.03132098262898417
2026-04-08T16:00:00.000+01:00,178.88268607337073,15.229318881623884,57.493191104870185,95.31574050595174,34.92730045709986,1268.706601680254,0,0.02752984843843543
2026-04-08T17:00:00.000+01:00,183.57000247046045,15.05572385778738,54.3201922628586,95.94912828822588,36.19458103305805,1244.7949325057225,0,0.02907674194993693
2026-04-08T18:00:00.000+01:00,182.36618812286773,13.368172630824096,48.210712417364995,90.70610234685411,34.66914655079061,1131.4143178934369,0,0.030642308482838155
2026-04-08T19:00:00.000+01:00,179.63585543671564,15.895504279232664,55.12406544694045,94.90047263193479,35.49698182779252,1237.4392964034337,0,0.028685836897990095
2026-04-08T20:00:00.000+01:00,175.76603140965798,15.774581017369291,50.27142204210961,96.38388745625349,34.42247226686421,1168.993458479289,0,0.029446248836707302
2026-04-08T21:00:00.000+01:00,172.42576387657067,17.59590566796655,53.41109470048888,91.50589173600954,34.35095162652466,1206.25655114978,0,0.02847731819054745
2026-04-08T22:00:00.000+01:00,177.7674252396649,14.6306661180564,51.9389312691779,97.02568545683002,34.637123251785205,1195.149899784878,0,0.028981404975241803
2026-04-08T23:00:00.000+01:00,184.28199397161737,15.262980393196727,46.614573380036504,95.253955024627,35.82101537259529,1118.109771655706,0,0.032037118609160566
2026-04-09T00:00:00.000+01:00,181.070468720651,15.299260420452907,47.425800670730155,98.56999607127835,35.16230787062725,1168.562815290983,0,0.03009021629861764
2026-04-09T01:00:00.000+01:00,173.77130610644005,16.89294393571617,54.119843270324644,90.38180068386202,34.551641294694505,1215.220117496497,0,0.028432413846040613
2026-04-09T02:00:00.000+01:00,180.8659046292559,14.885645361135657,48.66089867157384,92.3879352379992,35.89607379539661,1169.1399997098542,0,0.03070297295816151
2026-04-09T03:00:00.000+01:00,181.9265868986442,15.334825830924407,48.385406147032015,95.41398491369841,35.84867804378912,1153.6583020276757,0,0.031073913290253535
2026-04-09T04:00:00.000+01:00,175.58071281899433,15.729475811659848,46.179509682602585,92.66903920985338,34.91757938142957,1132.9913299673797,0,0.030818929022550325
2026-04-09T05:00:00.000+01:00,180.76862552972764,15.223930947787629,51.69439626237384,96.42981747664118,34.93231025600473,1217.067976500524,0,0.028702020700969198
2026-04-09T06:00:00.000+01:00,180.29104359223,14.464279662539367,58.25009967697258,96.83104754269738,34.49189205722821,1295.2208624510924,0,0.02663012390948932
2026-04-09T07:00:00.000+01:00,174.28514851084688,15.232907991477969,45.72986834298291,90.92264367659827,34.6670041540415,1095.9359211661451,0,0.031632327661231883
2026-04-09T08:00:00.000+01:00,226.78893680174141,16.288358099831726,50.096877826691035,94.62469017786091,50.96403553649245,1182.6485642771597,1,0.043093136097993666
2026-04-09T09:00:00.000+01:00,227.80392263184117,13.768181640706727,55.648882221661715,94.5800150003195,50.91056006079301,1253.3894525823118,1,0.040618308982817646
2026-04-09T10:00:00.000+01:00,230.41525621587638,15.159563608976251,49.68143443501714,93.32352693193987,50.542210841192095,1169.614890286124,1,0.04321269441844051
2026-04-09T11:00:00.000+01:00,230.26901026017453,14.159855022072993,51.809487184998936,98.39632376312704,50.50754821576061,1173.5695881050738,1,0.04303754010643167
2026-04-09T12:00:00.000+01:00,218.11165316021456,16.434055954709812,45.75042588741248,97.44755687885899,48.43381708371143,1142.0051306438554,1,0.0424112079570122
2026-04-09T13:00:00.000+01:00,220.3108748004244,13.17217571425947,51.71322838883059,96.27488443718673,48.73483080988512,1249.9088992026589,1,0.03899070631545548
2026-04-09T14:00:00.000+01:00,227.57517633604328,14.329293783274094,49.25142293998181,96.42893972161498,50.75042046235104,1169.532048791102,1,0.0433937834493802
2026-04-09T15:00:00.000+01:00,227.56892975456105,15.452654250077424,53.94291998271945,94.15544529431807,50.24262262358555,1209.3752790127994,1,0.041544277856082924
2026-04-09T16:00:00.000+01:00,227.57523843153024,16.87862883508121,54.749544206259,98.28895068986918,51.08225142934619,1257.6173044288125,1,0.040618279701985206
2026-04-09T17:00:00.000+01:00,244.2636574532736,14.921099686712415,60.35825456807446,96.25135884527957,52.77851700233462,1315.5520544073431,1,0.04011891192409818
2026-04-09T18:00:00.000+01:00,227.85445255346585,14.333760567968161,52.318532692854305,96.56082955490234,50.45694851072429,1237.9204138421892,1,0.04075944458668291
2026-04-09T19:00:00.000+01:00,185.677828200903,17.257388483328707,51.30318526632867,97.7552181340861,35.72930623189336,1181.5017326141106,0,0.03024058725063494
2026-04-09T20:00:00.000+01:00,184.77000881746602,13.262383319500508,50.77753720630935,92.46664430407972,35.41058271133696,1193.8246287435309,0,0.029661461037711768
2026-04-09T21:00:00.000+01:00,183.25695625652898,12.361432852055902,48.58733482875725,97.26363813480033,33.46526202344017,1183.9110117093176,0,0.028266703909716487
2026-04-09T22:00:00.000+01:00,178.42365377679826,15.528017340063998,51.35393537384677,91.75716542660842,34.77570345545155,1180.432955453784,0,0.029460125875664846
2026-04-09T23:00:00.000+01:00,183.79484610246632,14.397534930776867,48.818394359443886,93.10807757020399,34.63349727966775,1165.0267889525765,0,0.029727640263796148
2026-04-10T00:00:00.000+01:00,176.13587392731213,13.774520619443145,50.673843905078456,93.02049408842858,34.778282471258855,1200.7572528466228,0,0.02896362473664876
2026-04-10T01:00:00.000+01:00,178.81590696629996,15.850027736759223,55.270390142431836,98.80672921550226,35.3810952686791,1275.91790617176,0,0.027729915143863658
2026-04-10T02:00:00.000+01:00,177.57318226085448,15.292560856525439,45.973829738881435,97.70883501373135,34.927825001416295,1119.660910680028,0,0.031195002583597222
2026-04-10T03:00:00.000+01:00,180.4093706969316,14.323105643115927,54.55951424451618,96.31052875431234,35.686529846742616,1256.3594496865533,0,0.028404713201819733
2026-04-10T04:00:00.000+01:00,191.57329283336753,13.463634721594927,55.26846026935946,96.54351085453851,35.95426260891169,1248.1017945498172,0,0.028807155606951254
2026-04-10T05:00:00.000+01:00,170.66367403704126,16.046948793936174,49.52772589203568,95.05865514962314,34.6826224633012,1176.0248132632312,0,0.029491403643996196
2026-04-10T06:00:00.000+01:00,183.43130095187257,15.780241413550392,41.51258040396562,98.52381600397668,36.13683920762115,1093.710168683528,0,0.03304059909319319
2026-04-10T07:00:00.000+01:00,171.93642064405174,14.880988963464741,47.56871205162227,94.46632877594125,33.648383245691235,1145.684999947267,0,0.029369663779520536
2026-04-10T08:00:00.000+01:00,177.64034067105283,17.2159643952572,55.187978186244436,93.42465938882906,35.65705405330084,1259.7885257323908,0,0.028303999699133036
2026-04-10T09:00:00.000+01:00,185.44475298483684,13.715898280408616,49.908527750804474,91.46731803238431,35.00674584760143,1163.0972459422069,0,0.030097866682886873
2026-04-10T10:00:00.000+01:00,180.32140009547732,13.169369794890313,46.00279107082036,97.07585087034953,34.269826892535825,1117.9459737635789,0,0.030654278200194264
2026-04-10T11:00:00.000+01:00,174.61127611035346,14.169710316142506,47.98090031508713,96.60999538868032,33.72133861816167,1154.3401882163723,0,0.029212652355339166
2026-04-10T12:00:00.000+01:00,176.42348145370016,14.945296780373402,53.36248010601821,93.45919534671721,34.18809272009769,1217.760436995297,0,0.028074563503190677
2026-04-10T13:00:00.000+01:00,183.39798874467337,15.29200733918723,52.186934272805516,90.22674072563306,35.03982095815832,1211.7344698621396,0,0.028917078641944424
2026-04-10T14:00:00.000+01:00,176.34816684141433,14.710516730572404,49.04427160332122,97.5509759494621,35.00586990587429,1190.7970567366797,0,0.029397007414349967
2026-04-10T15:00:00.000+01:00,181.08229294790988,15.422466475817156,48.532702352741246,90.10276185108667,35.117410037165,1125.7927700623009,0,0.031193494016862108
2026-04-10T16:00:00.000+01:00,180.22785919951906,13.498152690971468,48.43296740382471,96.33329801666146,34.91006190230059,1216.2325992461203,0,0.028703442025760147
2026-04-10T17:00:00.000+01:00,176.7419982619709,16.73251752488791,46.31035926200599,98.73231398753451,34.572627561066376,1155.9490733137695,0,0.029908434860332313
2026-04-10T18:00:00.000+01:00,190.71972044662664,14.901418585928917,56.46150275787777,93.93895195333383,35.67794013390552,1278.8016556678485,0,0.02789951043289264
2026-04-10T19:00:00.000+01:00,183.16959511159007,16.340754997905755,48.71071812315464,92.11476064496358,35.87861894551537,1149.9533713861656,0,0.03120006414022415
2026-04-10T20:00:00.000+01:00,169.87428706671196,15.411270415653245,54.868634083301984,96.34383909039043,32.60726965542756,1254.4661502552945,0,0.025992945005962657
2026-04-10T21:00:00.000+01:00,180.93227157384715,15.54810386298454,56.085264207689804,97.35415327814026,35.21514448563125,1279.2291536952066,0,0.02752840988958709
2026-04-10T22:00:00.000+01:00,176.69106767615807,15.683720736278644,53.99324359259184,94.91787284470063,33.95624677926303,1251.9543087249897,0,0.027122592687783165
2026-04-10T23:00:00.000+01:00,184.2621666739811,15.537250272020778,48.27351874912781,98.70331747730532,36.740413055116726,1195.2428610063193,0,0.030738868437317924
2026-04-11T00:00:00.000+01:00,176.0373963078365,15.771267311841052,51.614920361346435,90.46501849492165,35.01554426963105,1198.6830583173034,0,0.02921167862235864
2026-04-11T01:00:00.000+01:00,179.42631779266551,16.59498303615892,49.90321757443633,94.54316038474076,35.28582117176735,1170.7095178083168,0,0.03014054352084356
2026-04-11T02:00:00.000+01:00,182.52493639490228,15.235825403641764,46.385192557079485,96.46608552590295,36.05775887879103,1131.0517319494443,0,0.03187984940056016
2026-04-11T03:00:00.000+01:00,184.32877597085061,15.850804509106215,51.297437126886415,97.76376424034261,35.39631930871597,1213.2764526904912,0,0.029174158313402646
2026-04-11T04:00:00.000+01:00,173.99851796472112,14.892317166855328,45.28384083536079,91.61330050717011,34.34998081741428,1128.5218534998314,0,0.030438028923309112
2026-04-11T05:00:00.000+01:00,178.32749382079527,16.728140658539367,54.75071755384626,97.20003133587313,35.19465742168652,1241.3543219741155,0,0.028351822520516747
2026-04-11T06:00:00.000+01:00,177.62527344419522,14.188329237528876,48.14153081080643,94.97436368146691,34.613466904801896,1178.8992637698325,0,0.029360835118444697
2026-04-11T07:00:00.000+01:00,176.73335383713143,17.16112851949298,50.80463862349136,93.56898313790967,35.57840552952169,1212.9839309432584,0,0.029331308207730902
2026-04-11T08:00:00.000+01:00,188.8272712014055,14.951810459226788,51.133151486184566,91.18543525721184,36.680698823446086,1160.0131404815938,0,0.03162093388719514
2026-04-11T09:00:00.000+01:00,182.02490855480477,15.114204672249796,48.96438010518369,97.78766183018021,35.1047120901249,1161.9847945069996,0,0.030210990932130855
2026-04-11T10:00:00.000+01:00,173.6955802283248,15.153725297892947,52.346775205901096,91.41545887361744,33.25763837571316,1191.0156367871762,0,0.027923763004008315
2026-04-11T11:00:00.000+01:00,184.58930973527387,14.182738011030143,48.1003853735099,92.7880907328819,35.04492091485738,1154.5092407774303,0,0.030354820625999167
2026-04-11T12:00:00.000+01:00,190.61078098506317,16.00877225878647,53.48518918982898,92.61040978766194,36.73201713271891,1201.7725691532546,0,0.030564865662227228
2026-04-11T13:00:00.000+01:00,185.16232630275573,14.21685122483713,44.616081279013,97.84272630771768,35.66440537751911,1153.8079341563698,0,0.03091017518751582
2026-04-11T14:00:00.000+01:00,172.40315017022994,14.464579880142264,50.50551831818565,96.05432694788009,33.188286639225986,1198.7648648401173,0,0.027685401543406433
2026-04-11T15:00:00.000+01:00,177.57882963566874,12.732551122865363,57.755715996233135,97.17013257472234,35.38917300771259,1282.5380632185017,0,0.027593078149200673
2026-04-11T16:00:00.000+01:00,186.3345557459331,14.457232416901109,45.9986747015777,92.2542110891325,36.599826872896976,1092.2827502980917,0,0.03350764887837753
2026-04-11T17:00:00.000+01:00,176.4616526719061,12.091344808045251,47.28902011790059,95.62386689646299,34.18857602259121,1123.647392672109,0,0.030426427583557576
2026-04-11T18:00:00.000+01:00,182.21909714073115,13.099316611817132,52.05563139863566,95.14571384829374,34.98874632411497,1210.870617182439,0,0.028895528413704418
2026-04-11T19:00:00.000+01:00,183.8731702671467,15.912497587373156,50.71832712775839,97.49547339109444,35.65737057259606,1155.9499065743817,0,0.03084681297156333
2026-04-11T20:00:00.000+01:00,175.36534764210958,15.942960190381,51.402520397094236,98.15478354433135,34.017434954381514,1229.7021271353376,0,0.02766315045223765
2026-04-11T21:00:00.000+01:00,179.702373219691,15.510549074141958,51.95674852059065,90.10941094329648,35.09620605704147,1180.7555491328274,0,0.029723515661490552
2026-04-11T22:00:00.000+01:00,163.79366329965464,13.839628628244945,52.53888587424708,96.06617927152914,32.46585149066856,1279.5932069689761,0,0.025372009880836842
2026-04-11T23:00:00.000+01:00,174.87806179332856,14.942746372629625,54.43879936782489,90.46652219207756,33.599378255784394,1261.290006194531,0,0.02663889992846126
2026-04-12T00:00:00.000+01:00,178.7371592430342,14.995676953091317,51.63927462771405,94.93972798569621,34.97679748569584,1195.8012260904031,0,0.02924967521571313
2026-04-12T01:00:00.000+01:00,173.76108409017576,13.60996237296895,49.03496938152583,92.5886945613931,33.70852556370778,1156.647670773256,0,0.0291432961094994
2026-04-12T02:00:00.000+01:00,188.16205651965817,16.80407796212058,52.690294804810925,92.76098939569927,35.63122029143415,1223.2391255205687,0,0.029128581279045274
2026-04-12T03:00:00.000+01:00,172.84929311019684,16.052834748690806,57.59952773958086,93.17662653107121,33.70776841087793,1297.9642911976157,0,0.025969719382477146
2026-04-12T04:00:00.000+01:00,177.79977756651508,14.734842991404403,49.469465014469705,95.59163204144649,34.41013246654732,1143.2395271907021,0,0.03009879526393196
2026-04-12T05:00:00.000+01:00,180.65370288643047,15.032263006793437,46.101882781317435,93.00644969101893,36.04835186299335,1089.5208828327911,0,0.033086425814314285
2026-04-12T06:00:00.000+01:00,187.2063664453306,15.250059369537063,54.42832267714789,96.59429145531253,36.40924340297388,1227.0763418359372,0,0.02967153889422951
2026-04-12T07:00:00.000+01:00,172.8206892441028,12.54991815789085,49.51847534418561,93.64074647016483,32.76534623364364,1180.439441674364,0,0.02775690567164418
2026-04-12T08:00:00.000+01:00,185.8158187607748,14.703387140975284,41.30932181594385,90.61517880278963,36.0560683870201,1068.1100488126367,0,0.03375688528265583
2026-04-12T09:00:00.000+01:00,180.05116530509792,14.181618902402642,53.38968670860169,97.05383858235696,34.070346581776036,1250.2870239323252,0,0.027250020139071823
2026-04-12T10:00:00.000+01:00,175.09245674476026,13.798055988126102,47.85868725618431,92.57182492133435,34.56482523628279,1120.597596192243,0,0.030844993201603353
2026-04-12T11:00:00.000+01:00,182.31051737131637,14.662679648536853,49.637866870783355,93.89490191639337,35.04355120949589,1124.9111328555962,0,0.031152284110245707
2026-04-12T12:00:00.000+01:00,180.99529847786735,17.157223832219426,51.32792132227606,96.16899494899711,35.5339214437544,1217.771319569344,0,0.029179469800882412
2026-04-12T13:00:00.000+01:00,176.99891561420603,15.769011433520411,50.761998719116264,92.99210541433841,35.36653795260608,1164.548480827444,0,0.030369313545003444
2026-04-12T14:00:00.000+01:00,180.34901042495008,14.314585212260644,52.837807268556155,90.50927090532043,34.27168682190251,1155.721013556183,0,0.029653944524593925
2026-04-12T15:00:00.000+01:00,178.0734320156912,15.68709933762739,48.25805451772062,93.36528942311533,34.14987557732266,1155.4590868242965,0,0.029555244289247277
2026-04-12T16:00:00.000+01:00,180.56758672625625,16.679226523903203,52.05242319270433,98.50003724424873,35.129183650546075,1234.4927410538203,0,0.028456371173602994
2026-04-12T17:00:00.000+01:00,183.31065337260523,16.109560419495324,48.961813289664335,95.77560957568703,36.23769951529951,1168.2030551362946,0,0.03102003487832999
2026-04-12T18:00:00.000+01:00,187.93008408072677,15.071556443904209,52.95524192355001,96.04331233800487,35.444150863151435,1210.4791847109698,0,0.029281090753836097
2026-04-12T19:00:00.000+01:00,173.81092250586576,14.223675866753311,52.46146993605221,95.69053938273876,32.50029575017524,1209.1125521206636,0,0.026879462704421472
2026-04-12T20:00:00.000+01:00,190.66516687328132,15.837867976336309,46.25824519182162,91.79092925063493,36.54176919705496,1114.8510040563835,0,0.032777267154173784
2026-04-12T21:00:00.000+01:00,170.2395610023875,15.4721824625061,54.34392846470013,93.76500477692052,33.906241042814806,1200.2262184452802,0,0.028249875333281292
2026-04-12T22:00:00.000+01:00,179.2410745248221,16.07423186403328,47.85614621954381,96.75845818526986,35.70113842639938,1147.0139738357966,0,0.03112528638775787
2026-04-12T23:00:00.000+01:00,182.9415860324229,15.762206162018364,53.23223119312458,90.91235607797843,35.3620984562244,1212.861796729685,0,0.029155917476808516
2026-04-13T00:00:00.000+01:00,181.40495933867516,16.259463258383203,51.469149253605366,92.5006749848074,35.25692324891991,1194.066061810024,0,0.02952677776929338
2026-04-13T01:00:00.000+01:00,176.88650240089703,14.357717746127319,57.35273470718049,92.48687197619269,34.98146927648789,1261.541500510273,0,0.02772914665299434
2026-04-13T02:00:00.000+01:00,178.95938874821363,16.58087287876119,49.10613607051259,93.88817034835056,34.22521203813657,1144.9233446024857,0,0.029893016156482922
2026-04-13T03:00:00.000+01:00,177.53499532670583,15.23711952563088,48.60273281552721,98.82331866847967,34.48341281654054,1174.8960052175319,0,0.029350183048886903
2026-04-13T04:00:00.000+01:00,177.05317621527894,17.49031304715032,49.92232157644907,90.6075229201544,35.15125098668443,1117.9566496691493,0,0.031442409682957896
2026-04-13T05:00:00.000+01:00,184.2480104851051,14.17297461829252,48.7872808686629,94.66830894942535,35.696405857066786,1167.690139499364,0,0.03057010130476162
2026-04-13T06:00:00.000+01:00,181.78507742982524,17.083156563798298,53.1997676077682,91.6142821381099,35.429489580638005,1233.4314940019294,0,0.028724327012021784
2026-04-13T07:00:00.000+01:00,176.53545202369673,15.237492940155178,43.534757566253646,98.73608890868769,34.545036897438465,1087.8788037889524,0,0.03175449027697039
2026-04-13T08:00:00.000+01:00,184.49799937716625,14.218298395662663,45.78527032341458,91.01973154254718,34.27419590900097,1101.7836165848084,0,0.031107919370992713
2026-04-13T09:00:00.000+01:00,181.53649760438304,14.419336999134813,45.728788313683225,93.63240902125432,34.78521783431749,1129.8572314234186,0,0.03078726839717114
2026-04-13T10:00:00.000+01:00,184.0643105941948,14.615583230166816,53.801230367894306,96.64096486351146,35.75951759143982,1257.2354765573273,0,0.028442975288415877
2026-04-13T11:00:00.000+01:00,183.14814420961807,15.5089991356823,56.8424534903277,96.340989852247,35.082874441451835,1258.5089089669175,0,0.02787654039751741
2026-04-13T12:00:00.000+01:00,175.85502494538963,15.6274025856426,49.582203125850114,93.8045577320454,34.533226369731764,1156.359661853065,0,0.029863741800187242
2026-04-13T13:00:00.000+01:00,177.19909479901514,14.311559995273706,49.32471310723996,93.11871751157446,34.665612469308364,1124.9929644848555,0,0.03081407045526019
2026-04-13T14:00:00.000+01:00,183.73646802561632,14.970774489286821,50.28020865245273,93.57851140697584,35.383350501270925,1179.7453120434982,0,0.029992363724659847
2026-04-13T15:00:00.000+01:00,183.05185132716733,17.570724430334238,54.64751321043276,92.37848636842776,36.057154470640235,1266.1256248017792,0,0.02847833877170382
2026-04-13T16:00:00.000+01:00,179.89549203017927,17.073051804120855,46.290587463237706,91.8479964483612,34.91756788270875,1128.4262045915907,0,0.030943598917349147
2026-04-13T17:00:00.000+01:00,180.5866369165439,15.523588403608839,50.95347593093914,94.34735727803,35.08940757835533,1188.3855606997154,0,0.029526955509030978
2026-04-13T18:00:00.000+01:00,186.38832447894214,15.04560417380184,53.90079051912972,92.41680380460846,36.272477591396296,1222.9183476633302,0,0.02966058826470573
2026-04-13T19:00:00.000+01:00,177.04214305582084,15.144037592061913,52.00437667975938,92.58715498407526,34.66361545726973,1194.1793000144417,0,0.029027144798817503
2026-04-13T20:00:00.000+01:00,182.7354869058502,15.7362215672765,50.758326466394976,95.91080457127102,35.26430171455086,1176.4828484366212,0,0.029974344089599023
2026-04-13T21:00:00.000+01:00,178.98903673783053,13.772648921761913,54.00418437026856,98.71683598529903,34.71499349717236,1259.3831546979732,0,0.027565076893138016
2026-04-13T22:00:00.000+01:00,178.9115939838639,14.691148155091986,39.18707082800305,95.43273480503437,35.13227362391629,1056.4910196184092,0,0.03325373616200317
2026-04-13T23:00:00.000+01:00,185.49388425993595,12.997699111346892,52.71150127812363,90.6928152035847,34.39865182197103,1195.6615411904954,0,0.028769556130174602
2026-04-14T00:00:00.000+01:00,184.12708174494014,15.479067747126335,47.383697267490305,90.68025252468661,36.29441284364424,1111.8180567630652,0,0.03264420165050331
2026-04-14T01:00:00.000+01:00,184.0675481800032,15.776635127643289,42.67746841257417,98.5628089876101,35.5973318831886,1132.4510155400255,0,0.03143388225601396
2026-04-14T02:00:00.000+01:00,186.52739403577164,14.420176245240752,52.044810398099926,92.675617112766,36.07588932103401,1208.5342481349255,0,0.029850944958083107
2026-04-14T03:00:00.000+01:00,180.10501920816378,16.888784115948038,55.49463418065183,90.82860287474227,35.99213316623679,1218.1916049194451,0,0.02954554359173804
2026-04-14T04:00:00.000+01:00,183.40976485647482,13.52908120439719,49.45020594148923,95.39140128435344,34.53144412073543,1195.0045735089232,0,0.028896495365988307
2026-04-14T05:00:00.000+01:00,178.44866621703272,13.242750143748216,53.811498188811754,95.6128390046124,34.06112946009078,1218.2379175164865,0,0.02795934108628648
2026-04-14T06:00:00.000+01:00,181.6208317624422,15.269342182271966,56.44911303195458,95.8365433810682,35.15271885288287,1245.095460057507,0,0.028232950790182208
2026-04-14T07:00:00.000+01:00,179.34928472816156,16.256517963134584,55.25965781433619,92.40661825071787,34.761819541288936,1217.5483044253,0,0.028550669747511172
2026-04-14T08:00:00.000+01:00,180.4849798249636,17.020713229749443,56.559858117485575,90.13599615793028,36.34435790761283,1203.840910979786,0,0.030190332938621237
2026-04-14T09:00:00.000+01:00,182.97578512718457,14.449338884557273,52.96850996428757,98.68513832509025,34.907849499075745,1239.7935204801759,0,0.028156179978707927
2026-04-14T10:00:00.000+01:00,175.90889658383264,16.294417000117555,50.30173455560637,92.25803741121992,34.367444497854976,1136.0300667453891,0,0.030252231436368772
2026-04-14T11:00:00.000+01:00,190.4619363784273,14.953789836599151,43.59213675241133,96.08423659247293,36.66224293988542,1082.8737107735124,0,0.03385643457324035
2026-04-14T12:00:00.000+01:00,174.96991309250149,14.792847240071016,49.0157500474802,96.35966882890838,33.60298164885138,1132.1159157038253,0,0.029681573399629083
2026-04-14T13:00:00.000+01:00,173.92905693606133,16.060391924984007,46.62701361873523,95.49006675371537,34.103596569527866,1139.7630365838663,0,0.029921655181715877
2026-04-14T14:00:00.000+01:00,185.79055436750033,15.782787454096104,58.68377086999126,92.81616654792283,36.18386727656936,1272.463507426149,0,0.028436074642140097
2026-04-14T15:00:00.000+01:00,183.95831346981467,13.1083294116189,49.29645675027065,92.4398662838766,35.048982700604725,1154.7830218750269,0,0.030351141328433733
2026-04-14T16:00:00.000+01:00,183.12059908526078,16.771848419671073,50.49281922713794,95.37901454432433,35.775766117273356,1166.578335009541,0,0.030667264292183825
2026-04-14T17:00:00.000+01:00,183.1417275463214,16.656109624976942,52.20594150416187,97.79486070250522,35.53781500071941,1194.2060657912305,0,0.029758528296516026
2026-04-14T18:00:00.000+01:00,179.93876613576543,14.249324758188564,50.174409785489814,98.52060356031056,34.08344471741214,1205.4627289380514,0,0.028274158876266414
2026-04-14T19:00:00.000+01:00,175.51372814257084,15.47496424012489,56.78020416172301,90.95315223963382,34.58284867508022,1234.1640202650415,0,0.028021274406989618
2026-04-14T20:00:00.000+01:00,180.37902279096863,15.592836223539287,47.509402553062195,91.39345751337947,36.05288719917677,1142.0138271209871,0,0.03156957152617493
2026-04-14T21:00:00.000+01:00,176.61419144243945,15.312808518988689,50.77842982094897,98.50262632904771,34.563891235555374,1185.646689445094,0,0.029151931636339286
2026-04-14T22:00:00.000+01:00,184.87559866708875,14.339633815385495,47.03011765720781,96.62881705501313,35.711898621764185,1154.497934961968,0,0.03093283889064784
2026-04-14T23:00:00.000+01:00,179.2647130924893,14.194051958474338,44.719909955117174,97.94694442346795,35.07487873312669,1154.4922579015993,0,0.030381216065388482
2026-04-15T00:00:00.000+01:00,175.87251401603743,14.969335114810265,47.55292363637886,91.82369370721808,33.74007887709432,1149.6531744732742,0,0.029348050026089558
2026-04-15T01:00:00.000+01:00,178.39307079173503,16.407274823111237,49.85185281180635,95.28827283998461,35.891672912447305,1171.1270487372851,0,0.030647121464016974
2026-04-15T02:00:00.000+01:00,182.0646572713781,15.652320185513318,48.28279110193096,96.31025634975727,35.54132702602078,1169.778498029319,0,0.03038295462422663
2026-04-15T03:00:00.000+01:00,177.18137723598014,14.555262801496673,47.23031608050458,96.12100696902276,35.304187595240904,1146.4345173515417,0,0.030794770273316237
2026-04-15T04:00:00.000+01:00,175.88889802216784,15.926038452778014,44.37473014531267,93.67336521780028,34.20202589611878,1107.3478263088477,0,0.030886434310459898
2026-04-15T05:00:00.000+01:00,181.21843605745957,11.581748855243909,49.66757770948522,90.13855402522178,35.40814614094663,1150.0529275717397,0,0.030788275297649624
2026-04-15T06:00:00.000+01:00,181.2248328555436,16.378518840446525,43.98111850387599,95.24633451123837,35.84700644343823,1105.4720559737575,0,0.03242687705195978
2026-04-15T07:00:00.000+01:00,177.46528412314436,12.91234346546628,53.04022385475841,92.27791385261648,34.47878135449109,1209.8362087290502,0,0.0284987183436273
2026-04-15T08:00:00.000+01:00,177.6448084719084,14.56507087031624,50.32975901173801,94.05228821528601,34.67674767202608,1160.299087010361,0,0.029886042366347593
2026-04-15T09:00:00.000+01:00,181.16024968678818,13.656396126448627,44.16979400214028,98.61822913575436,34.781052369270725,1104.192868028901,0,0.03149907355529158
2026-04-15T10:00:00.000+01:00,172.75957829251337,13.446382229134914,48.76316369180054,93.5913178587819,34.203479018940925,1131.75238466011,0,0.03022169821114446
2026-04-15T11:00:00.000+01:00,172.96268112811723,16.392992144854222,46.99137437763767,97.55821445997984,34.29318053311245,1122.1239282814972,0,0.030560956476199146
2026-04-15T12:00:00.000+01:00,176.40777889373783,14.43875855842573,51.276698041676724,91.69686545174326,33.36538369395224,1157.7621844626842,0,0.028818857742738475
2026-04-15T13:00:00.000+01:00,178.93276424144076,15.415804658076858,55.36180178409258,96.05214448222526,34.364482336977986,1251.7394494740947,0,0.02745338285169159
2026-04-15T14:00:00.000+01:00,181.55453782799003,14.94369530534498,42.499310121417025,98.7930625899505,35.128996859171124,1087.3082215069685,0,0.032308223339361536
2026-04-15T15:00:00.000+01:00,187.37678108474776,15.572448992667745,50.46010431658967,90.91703790785643,36.37600645282849,1179.4616927151237,0,0.03084119363732012
2026-04-15T16:00:00.000+01:00,184.2882981160101,15.092186269272306,49.359468817733436,90.07487948004473,35.63338772680603,1153.3074187080313,0,0.030896695147182518
2026-04-15T17:00:00.000+01:00,179.20030735018287,13.460409330973716,52.685360305801865,93.90224513369353,35.18161336361901,1168.4632199356354,0,0.030109303197029154
2026-04-15T18:00:00.000+01:00,179.90491896048655,16.19552018333657,50.85278651295076,90.8336293474623,34.24929094872098,1186.6674672296922,0,0.02886174256439076
2026-04-15T19:00:00.000+01:00,174.98735317681096,14.407492100206426,46.992122673044726,96.73545914708608,34.20139536481551,1167.063281576715,0,0.02930551916482974
2026-04-15T20:00:00.000+01:00,179.90743432003805,13.132101721608299,48.72378425733353,98.23093797463703,33.703545879633786,1157.7319094898535,0,0.029111701598071197
2026-04-15T21:00:00.000+01:00,178.5567068053993,14.486261806840904,46.815896572786045,93.90618875437883,35.06061452992016,1145.8193447488477,0,0.03059872805481836
2026-04-15T22:00:00.000+01:00,181.61359280169046,16.800911748761173,54.30402855439439,92.32840477939897,35.5549919127848,1203.8319970221446,0,0.02953484539432022
2026-04-15T23:00:00.000+01:00,175.86384528223837,16.020266090536193,50.08524659468777,93.9096298710595,34.793434996455055,1178.614886155458,0,0.02952061390463877
2026-04-16T00:00:00.000+01:00,182.59673257120585,14.58161743871057,57.60476274301203,96.51103036065001,34.87389189312811,1252.0113062196451,0,0.027854294701560825
2026-04-16T01:00:00.000+01:00,187.6636945650129,14.580890754817885,49.757356744741514,90.08148745422334,36.70546480154439,1121.5521017031,0,0.0327273826564155
2026-04-16T02:00:00.000+01:00,179.45619925771572,14.614037938539141,47.16637293235815,95.30508590536228,35.36209980839461,1139.5604750174875,0,0.03103134987886619
2026-04-16T03:00:00.000+01:00,182.0085586104947,17.492097580273008,43.94514242954869,95.5196251639864,36.09147545913475,1106.945630885033,0,0.03260456019893103
2026-04-16T04:00:00.000+01:00,183.45071995855557,15.458322542677864,42.78744129497622,95.73919422206342,35.54451387888719,1088.4524785556762,0,0.03265600894772461
2026-04-16T05:00:00.000+01:00,177.99389764057082,15.516049976629283,43.66345622797804,92.17819871982789,35.092223284059045,1068.9936584505967,0,0.03282734467753704
2026-04-16T06:00:00.000+01:00,181.1204624090521,16.23634014483821,51.068506604045936,96.42647451040314,35.06189110633178,1190.529996047541,0,0.029450657457379733
2026-04-16T07:00:00.000+01:00,180.06296200390898,15.286546990831816,52.034900092919735,90.82252337698598,35.49453152826307,1193.0947896745954,0,0.029749967760687182
2026-04-16T08:00:00.000+01:00,180.48838049274417,14.689149425015156,43.67523719187147,91.7934330282012,35.83582740607661,1090.3787178128116,0,0.032865486844753926
2026-04-16T09:00:00.000+01:00,176.13495108072266,14.764380181098026,53.58015325630446,97.89723041989033,34.9084239783176,1238.2007813671992,0,0.028192862178436313
2026-04-16T10:00:00.000+01:00,180.12255087129472,14.914078488703124,48.067755793266244,96.6485083565391,34.63639709353113,1150.0047989362665,0,0.03011848048422856
2026-04-16T11:00:00.000+01:00,182.48999145622724,14.95533331618819,50.5871720479422,90.12370998610211,35.54527404030828,1190.975262814038,0,0.029845518332867686
2026-04-16T12:00:00.000+01:00,187.2557180389752,15.873155452364376,56.4488825130217,92.2353863433282,35.61641802443983,1222.8046687984775,0,0.02912682534933103
2026-04-16T13:00:00.000+01:00,184.79635413042604,15.06233506296876,53.587357263462124,91.92965834693848,36.018115287745495,1220.5181264910339,0,0.029510512384848298
2026-04-16T14:00:00.000+01:00,190.76591228755777,15.879168092658695,48.92587740837667,92.43725695233276,37.016022168096676,1180.4973785690504,0,0.03135629340656897
2026-04-16T15:00:00.000+01:00,176.16326218555974,14.903140103869701,46.43523109833885,92.22803793251897,33.47020917884182,1135.75308676512,0,0.029469617621002902
2026-04-16T16:00:00.000+01:00,184.3616031836034,15.094362228379309,41.39273839468278,90.5627366616856,35.092221001260185,1054.9133228416392,0,0.03326550176343553
2026-04-16T17:00:00.000+01:00,180.91671002869177,12.602159178561472,47.12338672303032,94.13046464937138,34.51636889164418,1131.43655834059,0,0.030506676346278985
2026-04-16T18:00:00.000+01:00,190.94901466608837,16.09959320964298,49.15547904468922,96.59460127307548,36.71184096827144,1196.9659066494978,0,0.03067074907006654
2026-04-16T19:00:00.000+01:00,175.95850857322424,15.415786171077592,46.05128189139526,95.46058552245692,33.87219505248975,1105.9982262813373,0,0.030625903593333198
2026-04-16T20:00:00.000+01:00,175.80139078909613,16.197612131831583,49.47497213163078,96.05584501738272,34.80422040940683,1158.5205604415073,0,0.030041953158037253
2026-04-16T21:00:00.000+01:00,177.0030367727799,11.524493546167573,50.307407531835075,90.73034260682616,33.98109102962076,1158.659105499491,0,0.029327945439976248
2026-04-16T22:00:00.000+01:00,169.38052137845096,17.506049645736873,49.10057607276769,98.56341639159109,33.81115356992576,1208.2136535898167,0,0.027984416058754867
2026-04-16T23:00:00.000+01:00,177.3712248915962,14.832492446213791,47.39998967670616,97.54642650458722,34.19428647290301,1166.5809348596408,0,0.02931154234662437
2026-04-17T00:00:00.000+01:00,176.20433669223152,16.32981938008502,50.67461868786691,97.24581286646097,35.22096794306001,1177.717760550042,0,0.029906119380088476
2026-04-17T01:00:00.000+01:00,180.75196893238103,13.752112887449362,51.767762598277635,97.40685424537591,35.69092147389117,1204.634414053137,0,0.029628010836752358
2026-04-17T02:00:00.000+01:00,181.7087798788858,15.735328686075084,45.638403690228614,98.39439457319486,35.16160197712461,1128.951959693597,0,0.031145348280955762
2026-04-17T03:00:00.000+01:00,189.38085419607944,13.735901324191612,55.64372951898508,94.89828569502328,35.84822493567283,1233.1221171632433,0,0.029071106938005856
2026-04-17T04:00:00.000+01:00,184.75211919093024,14.251477247165035,49.605647470862955,91.80253816080864,35.80871716077854,1182.0557134647256,0,0.03029359509275544
2026-04-17T05:00:00.000+01:00,177.11548172168798,17.296837624640144,50.07539849177939,95.55105247067287,34.847675093307735,1155.674129198774,0,0.030153547797654296
2026-04-17T06:00:00.000+01:00,175.5079266432582,14.771181119083984,52.83285769302623,96.68593344301145,34.210726619973904,1252.913643203048,0,0.027304935823441817
2026-04-17T07:00:00.000+01:00,182.45959585753252,15.260919447815667,50.93286452505401,96.64125654018623,35.79094984405535,1214.3239942650853,0,0.029473970713817774
2026-04-17T08:00:00.000+01:00,173.3988339648968,16.044081276826503,53.81254653565298,94.69304121750191,33.26396330634618,1246.3399567099173,0,0.026689317892171445
2026-04-17T09:00:00.000+01:00,189.15729382927177,15.594818265567126,51.1484966608073,90.6161284740022,37.151708889930525,1166.987683585191,0,0.03183556211646892
2026-04-17T10:00:00.000+01:00,185.89720060360642,15.180502686172291,47.55025050143825,93.34001644587116,35.95702088994009,1140.9642574191614,0,0.031514590098794294
2026-04-17T11:00:00.000+01:00,177.65412173947647,15.43795320295947,51.44601410082441,98.28689947617022,34.52996232923227,1181.8367308240795,0,0.02921720185930841
2026-04-17T12:00:00.000+01:00,171.43432735454562,17.88409870228593,45.425095170717356,95.26004018781684,34.247351766528304,1115.6480546585394,0,0.030697271978850187
2026-04-17T13:00:00.000+01:00,186.76936187082705,14.930857443559697,50.43423882310609,94.84498748930142,35.98279044684625,1194.4639127873418,0,0.030124635881948577
2026-04-17T14:00:00.000+01:00,179.4273007737369,15.24131885605796,49.867080037422156,92.41968162943974,34.096758235549665,1194.0049482024526,0,0.028556630595946493
2026-04-17T15:00:00.000+01:00,186.1890815598673,16.260785275209134,49.16753257090984,93.31604027924921,36.92798840274854,1141.1314156318658,0,0.03236085511001449
2026-04-17T16:00:00.000+01:00,172.02786170602818,16.32663111954958,49.48584995424428,98.05811480237853,34.090168295949454,1178.7525399207402,0,0.028920547054126975
2026-04-17T17:00:00.000+01:00,177.00312488523113,16.424436366672456,42.472603818009446,95.99816742774152,35.05685707134285,1090.637931122429,0,0.03214344199019753
2026-04-17T18:00:00.000+01:00,180.0262184985909,15.76647626643502,47.805100369036154,97.086483240771,35.63300291336266,1134.0913533476682,0,0.03141987002032893
2026-04-17T19:00:00.000+01:00,180.23490296882372,13.62839410472342,50.37137960456446,94.0891088076089,34.25033303748809,1192.6399753203773,0,0.028718082360343043
2026-04-17T20:00:00.000+01:00,177.74967264260377,16.960117838761317,50.639425567989605,95.67222497510542,35.291210413660444,1175.8822000814448,0,0.030012539020674075
2026-04-17T21:00:00.000+01:00,183.1142496617375,13.624385528377575,45.88929943629617,92.23545247868887,35.05819400948674,1115.705596126769,0,0.03142244166489181
2026-04-17T22:00:00.000+01:00,174.66189785308703,15.36316255828684,55.0628313634588,96.34914747255138,34.69530257722867,1237.1115788134734,0,0.02804541091637449
2026-04-17T23:00:00.000+01:00,179.28810257489354,14.09486897997677,46.535300607142,93.84841200333004,33.648575472053636,1118.0304851846306,0,0.03009629515289732
2026-04-18T00:00:00.000+01:00,180.6014781585595,14.92303398408841,53.87782880210695,93.98290963333271,35.02528137048097,1222.3246844490031,0,0.028654646196783293
2026-04-18T01:00:00.000+01:00,182.57219417029376,15.394514892364176,51.70877744748674,95.84390092119193,35.16332177612492,1199.5687414832482,0,0.02931330282301789
2026-04-18T02:00:00.000+01:00,183.55807439044446,15.385628658540327,47.415090760624786,98.42652559322033,35.82696836559181,1155.2500338548055,0,0.031012306700433846
2026-04-18T03:00:00.000+01:00,174.37678954081065,15.506304905082342,57.101243570438044,90.57605711947758,34.49280150582217,1232.94991888956,0,0.02797583338736715
2026-04-18T04:00:00.000+01:00,172.3294291463219,16.936453522870377,45.22545267297408,97.42268913612307,33.88289212911135,1138.7866820358404,0,0.029753502270098528
2026-04-18T05:00:00.000+01:00,186.38838410949253,15.544241161816776,53.67661669444001,92.63144799370974,35.71101891669922,1247.7175376779646,0,0.02862107635607845
2026-04-18T06:00:00.000+01:00,181.66157005989797,14.707012037651221,54.00232927217191,93.9952750905574,35.13530523223627,1226.806796285075,0,0.028639640193248345
2026-04-18T07:00:00.000+01:00,176.25756731721722,16.156904601946028,47.31751916369342,90.19721995897508,34.221694904314184,1148.521474098444,0,0.029796303922986916
2026-04-18T08:00:00.000+01:00,187.7557598776126,16.42736458670957,55.569861200257314,92.70941470050882,36.869828746709864,1209.8715547020538,0,0.030474167777082357
2026-04-18T09:00:00.000+01:00,180.5783731714643,13.52687062183561,48.99981394160419,94.52368118367117,34.60752649986304,1169.2477208198102,0,0.029598113285692965
2026-04-18T10:00:00.000+01:00,185.89648592031912,15.716880083819829,51.15477451711943,90.50558469612695,34.57435479515101,1153.9322666105197,0,0.029962204711293246
2026-04-18T11:00:00.000+01:00,180.33759240705055,15.841407290773079,51.04128735508488,94.41986156444848,35.0315092909013,1160.6363959681746,0,0.03018301805164301
2026-04-18T12:00:00.000+01:00,190.30373962440993,14.64292379596801,49.46276503411781,98.34399565972585,35.954873792433105,1172.1417348991365,0,0.030674510361604897
2026-04-18T13:00:00.000+01:00,188.77670421221603,16.650848175973945,53.24323309263913,90.94853896297025,35.831037359296715,1226.550939651822,0,0.029212840821326167
2026-04-18T14:00:00.000+01:00,178.75517925760462,14.819933295560967,53.173954882208854,96.87996655267953,34.1585502286416,1244.6076413706173,0,0.027445235826308027
2026-04-18T15:00:00.000+01:00,184.85785475477178,15.15069174416585,43.005872107047274,93.68703948038393,35.81352079796542,1095.678717647191,0,0.03268615171687344
2026-04-18T16:00:00.000+01:00,183.22687974792575,14.792313810859357,55.21736097151261,95.89656343071904,36.10681513848485,1215.540574183229,0,0.029704327362948358
2026-04-18T17:00:00.000+01:00,186.84315778766174,15.018694857097762,43.350032047857304,92.34212938186707,36.186804876501306,1085.6432890739973,0,0.0333321315027581
2026-04-18T18:00:00.000+01:00,175.17538269709948,13.684469895725758,54.130184817366626,91.43543036287222,33.709949689602205,1221.337939437923,0,0.027600837246664095
2026-04-18T19:00:00.000+01:00,183.4302572999922,13.271938940886846,54.50682054731033,91.44416352844104,35.39687848076155,1223.3692252730602,0,0.028933929143804354
2026-04-18T20:00:00.000+01:00,185.29212243424794,16.91340607586997,45.636134279139206,90.6344275107883,35.94695442520169,1073.2954497232088,0,0.03349213344235459
2026-04-18T21:00:00.000+01:00,171.20630256788442,13.983646382018007,48.35674284818166,91.67082034411119,33.13037447700469,1129.1578385942273,0,0.029340782435032433
2026-04-18T22:00:00.000+01:00,174.08370743667112,13.810329180652431,45.577181326056255,95.97797446490071,33.29744061751466,1129.5565184893035,0,0.029478330718720892
2026-04-18T23:00:00.000+01:00,169.8038391111995,12.415931863675542,49.14031587884506,97.93521550659158,32.07784783603917,1192.1504707628508,0,0.02690754952729476
2026-04-19T00:00:00.000+01:00,178.65296582777722,14.233245902772596,48.76786286325704,97.32713117032046,34.449632201441375,1130.6003226183673,0,0.03047021260498066
2026-04-19T01:00:00.000+01:00,183.5877112789798,13.412292247911001,53.11864212907736,96.16620878887036,35.29964188638924,1218.8460611948126,0,0.028961525995978232
2026-04-19T02:00:00.000+01:00,187.51178526048014,16.970418192163642,55.24123498447844,90.99388677069993,36.472539592497306,1229.73134229412,0,0.02965894934779504
2026-04-19T03:00:00.000+01:00,180.37047390209887,16.21178050721116,55.582735243159824,92.60268701666355,35.08994372278338,1254.3958107548963,0,0.027973581721120567
2026-04-19T04:00:00.000+01:00,188.14307772785645,14.174219585786732,47.75132789368679,92.78826187790222,35.58343254598742,1158.0261339205992,0,0.030727659336595957
2026-04-19T05:00:00.000+01:00,173.09949270892554,17.70292296641317,49.163112505021886,92.2496125175786,34.80963159546395,1170.607226506753,0,0.029736388779471743
2026-04-19T06:00:00.000+01:00,171.48308780322424,16.178118584389914,43.266247231116196,94.6350509373875,33.29952092738832,1081.7363603889057,0,0.030783398013372206
2026-04-19T07:00:00.000+01:00,179.7222615055169,14.610202339789653,46.776519734015245,94.81998433391705,35.2683936507072,1102.438131401385,0,0.031991267941607865
2026-04-19T08:00:00.000+01:00,181.92032724469652,12.000713142151714,53.85940653238983,93.21197377653999,34.187083205671456,1211.29971835361,0,0.028223471604648186
2026-04-19T09:00:00.000+01:00,179.83652625952953,17.74913108710889,56.46233129419293,93.18410242862792,35.14908753767469,1270.317021748998,0,0.0276695399147535
2026-04-19T10:00:00.000+01:00,169.66278949980062,13.332513039883684,45.06260451248031,97.45700038115473,32.38252843763899,1158.4483462248713,0,0.02795336412121139
2026-04-19T11:00:00.000+01:00,179.55439980243605,13.02552150365173,47.63014296338842,97.10363563487716,34.287563197652936,1174.1872401461253,0,0.029201103559416908
2026-04-19T12:00:00.000+01:00,173.47765249747573,16.22708451841157,49.894376972164295,92.7701624851267,34.75472100754266,1178.399990062513,0,0.0294931443488038
2026-04-19T13:00:00.000+01:00,183.3483627441502,17.927702887607126,51.120644635278424,98.22409599485934,36.34560903336593,1213.9369125704977,0,0.029940278326659096
2026-04-19T14:00:00.000+01:00,181.83299123048425,16.661127382212623,46.761585920313415,98.57533515302255,36.09638521702918,1144.3179967206354,0,0.031544016016940665
2026-04-19T15:00:00.000+01:00,175.30060106836322,15.676690944062832,51.69624417785636,92.94068287827037,34.691499622034016,1189.5164557762853,0,0.029164371332210063
2026-04-19T16:00:00.000+01:00,177.43066541331652,15.713705209998343,48.104642611716336,93.18982453913749,34.20550593973196,1183.3964000136725,0,0.028904520868355488
2026-04-19T17:00:00.000+01:00,174.70393239055525,16.024098670536368,49.94219091648689,94.55070738079763,34.24501498052678,1158.6579604051956,0,0.029555758602435978
2026-04-19T18:00:00.000+01:00,179.68660451363414,15.910714307744119,52.1851369920148,98.47008731280306,34.74503397403521,1252.3975689695867,0,0.02774281492946507
2026-04-19T19:00:00.000+01:00,184.7757116025062,15.337429708763251,50.025689079243755,97.88687489828081,36.4491301341481,1185.4152054542071,0,0.03074798599380387
2026-04-19T20:00:00.000+01:00,175.07136976832228,15.125041324742252,48.25445643789372,90.92311166325231,33.68731940698364,1169.2545660896353,0,0.028810936800225558
2026-04-19T21:00:00.000+01:00,182.5202325775892,14.924888246520574,49.561560784296674,93.53457668944274,35.80986138063705,1140.7407359793804,0,0.0313917617309358
2026-04-19T22:00:00.000+01:00,177.3487119081378,14.095242493359988,49.64654816317866,94.98034070774794,34.86783221994705,1187.3980248124285,0,0.02936490670468739
2026-04-19T23:00:00.000+01:00,176.03563583868828,14.663189907759872,48.519955880471485,94.52819225296386,35.252793458213254,1145.6168368585609,0,0.03077188840457449
2026-04-20T00:00:00.000+01:00,179.4648482002272,12.968451822965537,48.96481574933159,91.74476761143204,34.308574298312436,1126.2515155992237,0,0.030462622090287276
2026-04-20T01:00:00.000+01:00,174.82378838790314,14.8819924478463,56.39458868201887,97.7293509405134,34.55612782754481,1272.0231487944989,0,0.02716627276814403
2026-04-20T02:00:00.000+01:00,177.2317534732641,13.813690671418899,52.24367779176495,96.09246704697154,35.48832707354281,1231.483437460985,0,0.028817543130511755
2026-04-20T03:00:00.000+01:00,174.01061053705575,13.675692819341075,48.81807872788336,97.54117537366623,33.52790930595973,1159.0828174573955,0,0.02892624133580698
2026-04-20T04:00:00.000+01:00,189.82362566458195,15.215872981384175,52.78781761804294,97.72887851414525,35.74919832219795,1194.3890062639282,0,0.029930950582023632
2026-04-20T05:00:00.000+01:00,180.17631775985865,16.67040274361352,48.66472204097596,96.73520268299166,34.42052319574762,1169.0805799369791,0,0.029442387279757145
2026-04-20T06:00:00.000+01:00,176.50137246003706,16.101979927202777,54.69249855034656,93.95289541124745,35.051957868876784,1230.372857673605,0,0.028488890705174685
2026-04-20T07:00:00.000+01:00,181.06989955367112,13.115399275652187,51.47856876879238,95.49492079513882,33.84198968415181,1210.688900957154,0,0.027952671951809258
2026-04-20T08:00:00.000+01:00,179.43835975154585,13.812446236115594,49.57079142398308,91.4432886550777,34.49208368348604,1179.6145431353975,0,0.029240130925994354
2026-04-20T09:00:00.000+01:00,178.89515200233387,16.12892542558586,51.79086770324111,96.06280875727417,35.27871447898673,1204.5533438425402,0,0.029287797555272388
2026-04-20T10:00:00.000+01:00,183.07083350021713,13.821015127754029,43.716495391726,91.61327930165352,35.317415818998334,1128.1611282032113,0,0.0313052940188139
2026-04-20T11:00:00.000+01:00,183.78753855023652,14.73044022000357,45.49293012436078,96.24554631459141,35.72694125862827,1135.382041641401,0,0.0314668895123429
2026-04-20T12:00:00.000+01:00,177.34749426194736,15.660062518829463,45.22429997440378,92.06638344678572,34.84528157095843,1104.0286033598502,0,0.03156193731296005
2026-04-20T13:00:00.000+01:00,177.1209087967766,13.837986654163638,50.57177237905483,91.05796170135199,34.97516655700591,1138.8617681720093,0,0.03071063366464981
2026-04-20T14:00:00.000+01:00,178.62474151424178,15.126450607375151,56.93005999794037,91.48756041128662,34.3428431582419,1243.8577712141077,0,0.02760994379986102
2026-04-20T15:00:00.000+01:00,168.49039417632207,13.399169406098155,58.92520058477053,90.01792921697164,32.61489543843867,1260.4463849769102,0,0.02587567057763916
2026-04-20T16:00:00.000+01:00,172.42404468900725,14.278358827258543,52.55220440576303,96.46865656068177,33.33294874616738,1235.7071750375128,0,0.026974795825034748
2026-04-20T17:00:00.000+01:00,186.83437133722262,15.383738320971045,52.00337789977783,96.5916094415254,36.51699927070891,1219.6566450447726,0,0.029940392994266346
2026-04-20T18:00:00.000+01:00,188.22483856750642,15.114204672249796,42.795769063389045,94.63440014921933,36.3016065832759,1068.4994469248936,0,0.03397438032162837
2026-04-20T19:00:00.000+01:00,178.75481980221812,15.528569685552478,47.82930480106391,91.45226520949845,35.144549567102466,1143.2058061789814,0,0.03074210205821873
2026-04-20T20:00:00.000+01:00,182.88278481527882,14.976434641287982,46.84886499236704,90.7519890375962,36.01945148399438,1138.6249594933704,0,0.03163416644232108
2026-04-20T21:00:00.000+01:00,181.55625077271768,15.662987945300577,47.51660960699554,90.17216069793558,34.777014771279575,1161.4485852634455,0,0.029942793174431635
2026-04-20T22:00:00.000+01:00,195.3944040422762,15.268696960877593,49.32742472566084,91.49173359268698,38.19651205429252,1175.6461104269592,0,0.03248980430039504
2026-04-20T23:00:00.000+01:00,185.59787455717287,16.63696851596861,48.11163768921149,98.01769981484831,36.92869419762578,1184.6273846161607,0,0.031173257242901996
2026-04-21T00:00:00.000+01:00,179.36041204259618,15.15026940317749,42.08280075849685,92.17383157531513,35.3019266856478,1074.8906552955261,0,0.03284234215985628
2026-04-21T01:00:00.000+01:00,175.22229779699788,14.484713350649697,52.991641024470134,93.18844194495495,35.07118679406515,1216.4197001819302,0,0.028831485373691193
2026-04-21T02:00:00.000+01:00,171.96776839871214,15.14675700363874,45.70902789704078,90.948109360332,32.99620505669568,1137.2908702199404,0,0.029012986845057986
2026-04-21T03:00:00.000+01:00,181.01731817933612,15.651957634843665,50.9569874564446,92.00125174273353,35.02076518573782,1152.8333084986764,0,0.030377995610956995
2026-04-21T04:00:00.000+01:00,176.21824627357847,15.058632084390846,58.296330678999894,94.67302113702185,34.07681162757396,1271.2592661517472,0,0.02680555614019516
2026-04-21T05:00:00.000+01:00,172.88873145201163,15.048710029444658,46.32246163365431,95.46977414786087,34.30379138556935,1122.2972612201704,0,0.03056569107927252
2026-04-21T06:00:00.000+01:00,176.76713557878736,14.157609974631894,39.87884990901468,92.2081708274959,33.82152196194341,1054.9619445926824,0,0.03205947108831665
2026-04-21T07:00:00.000+01:00,174.59225998192804,14.204518898938861,48.85598311247956,90.51958943302606,34.40849035174572,1172.9545985948746,0,0.029334886783311916
2026-04-21T08:00:00.000+01:00,188.43570817536283,13.316873673840368,54.40383853999428,93.51929582214659,36.613999033070854,1214.9837600340963,0,0.030135381424393152
2026-04-21T09:00:00.000+01:00,184.40819878474724,17.099492091824327,57.833389816882374,92.10783033833701,36.428729686118956,1214.6259118065477,0,0.029991727767389276
2026-04-21T10:00:00.000+01:00,179.96013679341692,13.507364117530457,45.08180162219033,91.97598530906822,34.83736885434938,1100.6411458020675,0,0.03165188670914391
2026-04-21T11:00:00.000+01:00,187.39972069445014,14.168513762644912,51.98679689294609,98.63876522442109,35.44972418624613,1236.6660982533856,0,0.028665558339727924
2026-04-21T12:00:00.000+01:00,180.3868415382381,14.137911281316963,48.13875817287979,95.54670437333152,34.462183003936424,1170.6045136268813,0,0.029439646441446157
2026-04-21T13:00:00.000+01:00,175.69357899335867,16.07390925233333,49.576206582783456,95.01190598854886,35.193628152118805,1183.5258279038082,0,0.0297362569724834
2026-04-21T14:00:00.000+01:00,187.6156203863483,14.646060386049566,60.57737338806814,93.7419759317099,36.461229637114826,1296.2965183461677,0,0.028127229473417507
2026-04-21T15:00:00.000+01:00,182.6945502184233,16.49729048720848,43.988118686419384,93.8604990008713,35.68413087051642,1077.718805516122,0,0.03311079911371427
2026-04-21T16:00:00.000+01:00,174.8137692283677,14.191811250907358,51.0149586459783,94.86814503454272,33.85147286155368,1201.9579703223997,0,0.02816360779443373
2026-04-21T17:00:00.000+01:00,179.04830660958197,15.334792994668563,51.87077268706173,96.26786826332497,33.91130065381532,1190.835109097348,0,0.02847690699976091
2026-04-21T18:00:00.000+01:00,175.62190873307622,13.99758353608829,54.34314529975739,96.31931486563647,33.60737680783687,1281.0769377272436,0,0.02623369121565771
2026-04-21T19:00:00.000+01:00,173.08600134517832,17.574178953328065,50.39193261388358,91.54524516934904,35.43344553601222,1182.2943162110896,0,0.02997007179190892
2026-04-21T20:00:00.000+01:00,184.6308877376582,13.574881897164584,51.232202158016406,94.50101476868964,34.769381754580415,1181.1775189198765,0,0.02943620344753526
2026-04-21T21:00:00.000+01:00,189.54708320235065,15.371784852272434,48.433405730312835,93.70762285530692,36.60115936141762,1143.8036552372091,0,0.03199951249834662
2026-04-21T22:00:00.000+01:00,173.0071621309043,15.760532257118518,51.07650776498043,97.83474269642446,34.60690275765695,1202.3981798331913,0,0.02878156615511341
2026-04-21T23:00:00.000+01:00,182.81484618345286,15.496558916941797,48.62723089801036,95.6827702909654,34.894077376905145,1161.4678134995509,0,0.030043085973917638
2026-04-22T00:00:00.000+01:00,176.74678715439086,14.77765480934675,52.486287559424206,94.79253659774383,34.55990427241852,1231.342272614665,0,0.028066854392185446
2026-04-22T01:00:00.000+01:00,177.5643730811765,14.844215160319889,48.521558655825466,91.03855177961026,35.072456762995785,1150.1412343832276,0,0.030494043439633453
2026-04-22T02:00:00.000+01:00,177.03803037880564,15.052573766374932,51.508401575608744,95.45074100391071,34.57246897104946,1185.2711481447773,0,0.029168405073525455
2026-04-22T03:00:00.000+01:00,175.68004615160092,14.823597598045813,49.88294874526009,91.0548351511221,35.75092797018269,1200.6235392507251,0,0.029776967385208707
2026-04-22T04:00:00.000+01:00,180.24260813972413,16.156654940153892,54.504201003088674,93.03485918009177,34.433422579550296,1227.1760153878358,0,0.02805907396150338
2026-04-22T05:00:00.000+01:00,175.8452494179448,17.65262760190962,49.794425105646056,91.28557768332898,35.43667719801559,1178.0522055204467,0,0.030080735838324046
2026-04-22T06:00:00.000+01:00,181.35228412889919,14.3310098579906,42.90787012717247,96.22866282321932,34.98264372223476,1087.6445626700518,0,0.032163672695017284
2026-04-22T07:00:00.000+01:00,179.7488094527543,13.356236424505106,55.04768600285597,91.85626902452537,35.019528780232505,1235.2596206872636,0,0.02834993404928806
2026-04-22T08:00:00.000+01:00,178.80525976566796,14.894061541978495,46.377070796549525,93.52673435869224,35.020254849095515,1136.853986816227,0,0.030804531853004406
2026-04-22T09:00:00.000+01:00,175.462181689792,18.09565120518518,47.38493464540472,98.061072998569,34.57187939595084,1123.0705218972096,0,0.030783355739360304
2026-04-22T10:00:00.000+01:00,177.11614334715833,14.035590518436322,47.617354823826034,91.83884745059073,34.48903780199068,1179.0691498974882,0,0.029251073022298367
2026-04-22T11:00:00.000+01:00,183.7769561291288,16.96694016653288,55.497752372683266,94.57024557562902,35.03098072697675,1270.066899993166,0,0.027581996450080894
2026-04-22T12:00:00.000+01:00,182.5045859381219,17.01324097689173,41.457303144085216,93.7734449504942,36.07995983638233,1064.6375112080796,0,0.03388943133841039
2026-04-22T13:00:00.000+01:00,175.11222377600726,14.335694109950406,62.55099413463998,90.16311636941157,34.283051621386434,1289.219000284209,0,0.02659210856637136
2026-04-22T14:00:00.000+01:00,180.49666152714613,15.682779695022331,54.224227236264205,97.13482302215532,35.530385252397934,1246.1812511998628,0,0.02851141053373107
2026-04-22T15:00:00.000+01:00,183.75693561685895,16.954075947754244,50.89295565651664,90.6214131568314,36.483414694623264,1174.9350744938133,0,0.031051430403795786
2026-04-22T16:00:00.000+01:00,171.65297359439313,14.545046710815015,49.780423997534854,94.26829518879258,33.84076530142683,1181.5516476968533,0,0.028640953078429662
2026-04-22T17:00:00.000+01:00,182.71680096189968,14.755703567877166,51.14221629943063,95.04610465445055,35.43270556775953,1197.7225621348516,0,0.02958339993579428
2026-04-22T18:00:00.000+01:00,176.68688120527077,14.301982903261628,52.08448971351736,95.65583810953129,33.9228945931123,1217.762048786452,0,0.027856751347209253
2026-04-22T19:00:00.000+01:00,182.8529933429658,13.78229192316856,52.58086234380023,96.19768466377089,34.828297004254054,1244.7072007685224,0,0.02798111634828652
2026-04-22T20:00:00.000+01:00,176.1837042172874,14.220866945920791,52.22241786401379,92.27945145170443,34.865096331865935,1207.1488842775561,0,0.02888218411661101
2026-04-22T21:00:00.000+01:00,170.9755894966774,13.531271679885291,50.358322725021,90.08980898992604,34.07076046333166,1143.6659986817574,0,0.029790830979152305
2026-04-22T22:00:00.000+01:00,171.86228781058418,15.040900161911072,49.21064631877069,96.5109929611942,33.66846798581381,1203.8229847242742,0,0.02796795576512879
2026-04-22T23:00:00.000+01:00,180.24042473330692,14.07603212272963,49.394906865385956,94.82090939412821,34.874271508168604,1204.83481123091,0,0.028945272151075698
2026-04-23T00:00:00.000+01:00,181.29861250860742,15.280543094148896,49.220366878589275,97.52505932886524,34.79859330762401,1243.7857745487738,0,0.027977963745604344
2026-04-23T01:00:00.000+01:00,175.47841687447794,13.132925224555647,54.535080387468255,97.39249526610625,34.53472599871654,1221.5210650492522,0,0.02827190376559252
2026-04-23T02:00:00.000+01:00,183.19296229388686,15.397056278657349,52.37422688912345,97.58993551009095,35.89106401166039,1223.7081049728506,0,0.02932975916871669
2026-04-23T03:00:00.000+01:00,171.6923996886552,16.00023475393071,38.23844546134288,94.36585193981585,34.92451562231629,994.6827792315983,0,0.03511120967560714
2026-04-23T04:00:00.000+01:00,179.66960100676343,12.607517228914254,52.62360310611904,93.00265556253179,34.032782058207495,1214.5568426511397,0,0.02802074045700537
2026-04-23T05:00:00.000+01:00,173.9449190011877,15.448867883817087,50.7789447788751,97.12402382332233,33.99250747743246,1186.879426676455,0,0.028640236500365984
2026-04-23T06:00:00.000+01:00,176.7408194609892,16.47320279096795,49.92516497421641,94.0616470172633,34.92148643860475,1213.817483656149,0,0.028769964931974347
2026-04-23T07:00:00.000+01:00,180.23699335658208,13.548430777570553,48.44592618764446,91.65097976763091,35.0684799278643,1132.4627339218855,0,0.030966564176833425
2026-04-23T08:00:00.000+01:00,175.69793317358022,17.007086864205245,54.49645087994406,97.69476617605326,34.64827353010426,1210.9528145041966,0,0.028612405962564605
2026-04-23T09:00:00.000+01:00,178.07722227885088,15.502822811239254,53.79010584849143,97.94303889095113,34.37566735884863,1227.8281509316512,0,0.027997132442976705
2026-04-23T10:00:00.000+01:00,185.03146404607222,14.153985773089909,46.90848932870556,94.19678780526154,36.0262205259906,1100.1792677411702,0,0.032745772968397896
2026-04-23T11:00:00.000+01:00,177.11554065238425,14.933077106810753,51.628209148498144,90.68129754578808,34.914514200492576,1197.2856890552762,0,0.029161389399084886
2026-04-23T12:00:00.000+01:00,184.1784605603257,15.669992295026066,46.11337306183486,93.49043480925238,35.30263049277221,1086.0205550539013,0,0.03250641097766337
2026-04-23T13:00:00.000+01:00,174.35146572671192,15.091206469694894,44.48152734084428,97.23183893516342,34.84868255349851,1123.2748354544483,0,0.03102418166378634
2026-04-23T14:00:00.000+01:00,182.6490208895764,15.646507190935642,47.49313110164014,98.11596625691605,36.111753926221894,1120.825201850222,0,0.03221889895642049
2026-04-23T15:00:00.000+01:00,187.2078431032895,13.895191688304761,53.44957388953104,91.83125468247836,35.92736305177827,1202.313949313553,0,0.029881848307832224
2026-04-23T16:00:00.000+01:00,167.64177749936354,15.203232988843293,53.81250018150435,90.60276250822744,33.22671215386121,1241.0286153270526,0,0.02677352620519943
2026-04-23T17:00:00.000+01:00,176.01552372264763,13.303542603714023,52.05234168038917,97.89615407819555,34.3400659646979,1223.425674306168,0,0.0280687798906729
2026-04-23T18:00:00.000+01:00,182.8853606359027,14.86652872638156,52.90038314739199,93.50464445080988,34.97525830553359,1191.5533034726448,0,0.029352659426651107
2026-04-23T19:00:00.000+01:00,178.98477306978504,13.915310830242252,52.06471314845983,94.87584867840808,34.645793866098245,1203.6558827163688,0,0.02878380304835201
2026-04-23T20:00:00.000+01:00,181.85572936685654,14.11736406889228,47.43407361910819,98.71259230845683,34.025640446502344,1164.4195901040146,0,0.029221116456365118
2026-04-23T21:00:00.000+01:00,176.98007406642088,16.483311810252523,51.72769017869576,90.59908255122801,35.281901294765106,1192.5812192661292,0,0.02958448508561647
2026-04-23T22:00:00.000+01:00,180.4329489373645,16.309572144713123,53.20163810091073,95.83486206706885,34.54611015832637,1194.4219382135877,0,0.02892286976074346
2026-04-23T23:00:00.000+01:00,179.2216138230396,15.730965745088612,53.017165319254296,90.66694880317381,35.78114513668816,1210.7251245206933,0,0.0295534836206966
2026-04-24T00:00:00.000+01:00,185.83891030829903,13.689224682392906,54.75565348589857,93.3792203561985,35.44862143574021,1176.4968906235213,0,0.03013065458843083
2026-04-24T01:00:00.000+01:00,181.27210421650608,14.620309860366238,52.833215388804255,97.23433090674102,35.00904411358357,1210.338217245339,0,0.028925009236890963
2026-04-24T02:00:00.000+01:00,181.68801331037602,16.45571723997502,51.405792830166334,93.90125009480072,35.23047849150915,1182.7090374921681,0,0.029787950691754522
2026-04-24T03:00:00.000+01:00,177.94061516938766,15.170060296367886,54.28060095326571,98.97464118512656,34.581084897720686,1259.9323127011196,0,0.027446779917552594
2026-04-24T04:00:00.000+01:00,177.56196887963753,17.783195447978034,49.89391496300376,95.03153356451942,35.900200094115256,1179.30573086766,0,0.030441809239493915
2026-04-24T05:00:00.000+01:00,177.8372090609019,15.471981407273246,46.472501395089125,92.89045937372359,33.526073312322396,1101.1205931588381,0,0.0304472312302729
2026-04-24T06:00:00.000+01:00,181.9722607118915,15.230458939788038,49.34773214422494,91.98100193314278,35.98041358778543,1140.39693094693,0,0.03155078079516493
2026-04-24T07:00:00.000+01:00,177.8950775958987,14.629060242956998,47.0203894207742,93.15468480857545,34.779085428527054,1140.8370124745404,0,0.03048558650204488
2026-04-24T08:00:00.000+01:00,181.44887428448206,15.160249085738739,47.29928690010247,93.35279946383596,34.64587013589145,1139.4212938192825,0,0.03040654964395149
2026-04-24T09:00:00.000+01:00,190.3770039932272,14.817036196343349,49.42192531713793,90.61842309951565,35.98230164172813,1143.954314011003,0,0.03145431701338209
2026-04-24T10:00:00.000+01:00,184.35562351715845,15.84973041202631,46.830320316000154,93.32616779484096,36.66148612358313,1125.651839181126,0,0.032569116708638025
2026-04-24T11:00:00.000+01:00,178.3698823391608,16.1480427801535,48.76815388144384,94.17814667765302,34.51233746693345,1175.853793231124,0,0.02935087479889582
2026-04-24T12:00:00.000+01:00,186.00606961081974,14.05681264739046,42.42554133218486,96.50463977014924,35.13559771580307,1084.771203609431,0,0.03238986949404084
2026-04-24T13:00:00.000+01:00,177.95962313489224,13.402520455730667,50.853174829491756,95.91056536249447,34.943104832562334,1192.1185345232975,0,0.029311770449517695
2026-04-24T14:00:00.000+01:00,169.80937732411073,12.796553552276045,50.0048219014489,96.37889089706239,33.199993747214776,1228.9721581672472,0,0.027014439282925306
2026-04-24T15:00:00.000+01:00,174.95956844541297,15.609589592295052,46.731645475727234,90.07527313689171,33.89689039700276,1092.607185518615,0,0.031023858204733766
2026-04-24T16:00:00.000+01:00,170.6460403948707,13.675960072591351,52.63698267372962,91.95900659622482,33.44041056145118,1162.4429638381614,0,0.028767355992278042
2026-04-24T17:00:00.000+01:00,178.24243257979344,12.416531288457021,53.75028055050623,95.9551585955987,33.70679480284028,1244.4957942844417,0,0.027084699649162703
2026-04-24T18:00:00.000+01:00,180.09209189594776,15.466294325437158,43.5697605425241,94.35590431361773,35.657483348690896,1086.687882538878,0,0.0328129943488306
2026-04-24T19:00:00.000+01:00,188.38218656137641,17.99159942091935,46.94910088573514,90.04782128101512,37.3863333508269,1117.2157451980297,0,0.03346384394555777
2026-04-24T20:00:00.000+01:00,181.63463686882082,14.992714906152129,46.92343060085081,97.2404517818864,35.50974161096452,1136.419846775133,0,0.031247026978393613
2026-04-24T21:00:00.000+01:00,178.90449735595567,16.00618892934197,46.24038759556454,96.95528615961304,35.217742919885254,1137.5097929698763,0,0.03096038657208984
2026-04-24T22:00:00.000+01:00,184.14702790591744,15.098195230257078,53.317899367726994,94.93577246694207,36.52228729437272,1251.528644522419,0,0.029182142537624103
2026-04-24T23:00:00.000+01:00,168.94432345496057,14.881332416170629,49.22469544490879,90.59816993198645,33.31775816517232,1169.1315942392137,0,0.028497868271922897
2026-04-25T00:00:00.000+01:00,181.17807279054284,16.102891779585324,48.94194063475756,96.89863544579326,34.80635221178809,1192.1422996380034,0,0.029196474466476958
2026-04-25T01:00:00.000+01:00,183.85432596943483,14.651670546973618,41.984550542372986,95.25342228958228,35.7332199612261,1056.503754550952,0,0.03382214195387679
2026-04-25T02:00:00.000+01:00,172.60706877110078,15.320870776886284,52.54167212083691,97.03763979442164,34.99825799581093,1195.627549896672,0,0.029271873167221293
2026-04-25T03:00:00.000+01:00,185.71877021603464,15.386037367435216,45.04296642058611,96.76572293156256,35.42764325929931,1070.7969155835751,0,0.033085305666940165
2026-04-25T04:00:00.000+01:00,181.69248203747208,14.198291455628341,50.23973052106531,97.22701864762054,34.91279921339949,1175.5972244216107,0,0.02969792586110983
2026-04-25T05:00:00.000+01:00,177.923560430496,16.19045081944383,51.109507751832766,94.66207259764163,35.13484724751389,1211.0964471402726,0,0.029010775591388115
2026-04-25T06:00:00.000+01:00,183.16390933053142,14.79004829196551,55.4426343833546,91.26292066374164,35.40564363346995,1240.7022255701893,0,0.028536777724565286
2026-04-25T07:00:00.000+01:00,191.35346428902199,14.093105808608586,44.76471840352355,96.0404172604172,36.030489014886356,1116.908024624909,0,0.032259137028750835
2026-04-25T08:00:00.000+01:00,180.9093312752925,15.643811812284484,37.9219513767167,95.58426406546774,35.826090981866,1036.9544671081103,0,0.03454933858550113
2026-04-25T09:00:00.000+01:00,181.24110293150167,13.921838421850754,50.73539817901478,96.68027868479179,36.13055348510403,1181.7681820358364,0,0.03057330027523824
2026-04-25T10:00:00.000+01:00,177.70319550229877,15.033817388842953,57.20204472604341,91.52892905445661,34.76030853262536,1256.635430578383,0,0.02766141053067911
2026-04-25T11:00:00.000+01:00,175.75077815267605,14.989057204026956,54.95578541175775,91.7547767991026,33.9083940188388,1241.8060977271157,0,0.027305707453765538
2026-04-25T12:00:00.000+01:00,184.15167908272122,16.303074678997895,50.8386376610985,98.01368565497395,35.10888653568102,1169.8006588048684,0,0.030012708807627242
2026-04-25T13:00:00.000+01:00,175.71958087045567,15.569637879455943,48.03345525747181,96.74980018606864,34.60085269707013,1169.3936175906833,0,0.029588713480717222
2026-04-25T14:00:00.000+01:00,180.35783118609697,14.969967649505827,53.22849038654924,98.17405639830291,35.59960687947384,1250.086807650896,0,0.02847770783724287
2026-04-25T15:00:00.000+01:00,177.6117127661744,15.981319559040344,46.105815201182125,96.82843789047529,35.07560469998192,1132.2815281968194,0,0.030977812343049093
2026-04-25T16:00:00.000+01:00,182.39489912873196,16.668249058820777,51.90543107742488,95.37439775391272,35.69168276061452,1218.376776187161,0,0.029294454275720482
2026-04-25T17:00:00.000+01:00,181.66831052643474,15.669372367622234,52.02188063666651,95.88719463325086,35.089485226595,1264.1044350624525,0,0.027758375220684535
2026-04-25T18:00:00.000+01:00,185.1876997212895,15.012423143812057,54.24083962999552,98.00215131546008,35.234557770596794,1240.8118249620486,0,0.0283963749069481
2026-04-25T19:00:00.000+01:00,177.44991800572626,13.425796521179809,61.03864015564431,95.20926079060746,34.72002266825734,1321.166866030268,0,0.026279816396380853
2026-04-25T20:00:00.000+01:00,178.65062532353315,13.721863604309553,51.56966386871507,95.69152191895549,34.998852330084674,1186.840912427175,0,0.029489084816354625
2026-04-25T21:00:00.000+01:00,175.10618142108845,14.633730354774398,47.96414549717001,91.4082904440324,33.41980839077278,1144.8279309942106,0,0.02919199251345116
2026-04-25T22:00:00.000+01:00,177.77853369961943,14.26858535740886,49.897702751232025,94.26529098104493,35.315416615515026,1185.03902943861,0,0.02980105780334091
2026-04-25T23:00:00.000+01:00,181.88650246522425,14.775634436417464,42.92369638044353,96.44757400762289,35.52513786751413,1104.7714994012167,0,0.03215609552452128
2026-04-26T00:00:00.000+01:00,183.78494308322675,15.067979909876529,47.22114747564377,92.43848428484729,36.28113476703221,1116.0138004529374,0,0.03250957537649392
2026-04-26T01:00:00.000+01:00,175.38917337911187,15.635631305228078,48.36287024754758,91.82028762472082,33.76443839366984,1151.7628288959634,0,0.029315443723804808
2026-04-26T02:00:00.000+01:00,184.3480296005283,14.91540146632909,47.90364640826163,92.82444127401973,34.95237265563734,1175.3854407695712,0,0.029736945382573942
2026-04-26T03:00:00.000+01:00,186.77818929402474,15.583801972591443,50.60941948813489,92.1735056519355,36.05900413373835,1184.9797717556512,0,0.030430058802028138
2026-04-26T04:00:00.000+01:00,182.0671745161185,15.077369297772144,46.7103202704712,91.93421373332757,35.576942250419805,1147.5004419604015,0,0.03100385930103852
2026-04-26T05:00:00.000+01:00,189.38397906279033,12.629440120375355,54.48412266929789,93.82365758581278,36.831665294957105,1224.3638629745733,0,0.030082287144178804
2026-04-26T06:00:00.000+01:00,176.13105400448214,13.872797527417495,50.00082825967279,98.17054662495181,34.547257063063384,1207.690130404355,0,0.02860606060554323
2026-04-26T07:00:00.000+01:00,173.77672648344293,14.827094933134061,49.962798715445494,94.56353682064847,33.910587320737235,1183.3930886322703,0,0.028655387331972725
2026-04-26T08:00:00.000+01:00,171.1063987554786,13.548366308590671,48.68842113394833,91.69128342733791,32.86244847120698,1132.007972722987,0,0.029030227050572843
2026-04-26T09:00:00.000+01:00,187.4802215574459,15.719914475995445,50.62076273543592,90.69274502442786,36.88101641517555,1176.59055301892,0,0.03134566763309929
2026-04-26T10:00:00.000+01:00,183.2718282817703,16.836900998812435,53.30039305867054,96.26540530624133,35.37580172915267,1204.8324046602056,0,0.029361595515128576
2026-04-26T11:00:00.000+01:00,179.72207664544771,16.46251422203678,46.531479137156396,93.44518887992749,36.065048618610675,1119.5008996678907,0,0.032215292215763
2026-04-26T12:00:00.000+01:00,181.3998431315991,15.114204672249796,47.367534043698974,97.39647851926823,35.01655785591336,1161.782888747308,0,0.03014036288111452
2026-04-26T13:00:00.000+01:00,174.3725547635081,16.788871364219943,48.785095884893344,95.93559691776693,35.308948523679135,1175.1084237573905,0,0.0300473963166559
2026-04-26T14:00:00.000+01:00,192.22875989808412,15.178400948642533,44.616516306107144,97.16617305487232,37.20945981947076,1100.2782385912324,0,0.03381822753044065
2026-04-26T15:00:00.000+01:00,180.64610590987613,14.595496834658352,46.72296856111401,92.44751435476604,34.94751750869186,1151.5453955760897,0,0.030348362854777843
2026-04-26T16:00:00.000+01:00,180.54697397302448,14.263916803750872,48.095116505821366,96.23123030214953,34.675131270790786,1173.506444844464,0,0.02954830919176299
2026-04-26T17:00:00.000+01:00,183.62883311949346,14.637036376214246,53.49755672285091,92.37655786224347,35.30127830449383,1197.3823434109672,0,0.029482043474878327
2026-04-26T18:00:00.000+01:00,182.40504615868358,14.534187817750526,51.050245316007704,98.45161631505262,35.48175283354026,1175.6577131233194,0,0.03018034283063343
2026-04-26T19:00:00.000+01:00,181.11942012139565,15.204499466850585,50.77435964547018,95.72736853380037,35.24739115968832,1189.3036982992148,0,0.029636997858574297
2026-04-26T20:00:00.000+01:00,176.04762772277343,15.192688777259837,53.40359184867189,92.92060620157808,34.14877620983363,1203.6066527131518,0,0.02837204009537167
2026-04-26T21:00:00.000+01:00,182.35734178567998,15.003655224184097,49.45051284640241,92.42560676063046,35.271516607529996,1165.3713903404112,0,0.030266331317115137
2026-04-26T22:00:00.000+01:00,189.41012248237516,15.52432580369562,51.56185939971556,91.71833926564479,36.55567204795497,1178.3533366360543,0,0.03102267453352622
2026-04-26T23:00:00.000+01:00,186.72710023077488,16.42877552974361,49.587112988270015,96.25176863004356,35.230453093357546,1139.9032931645143,0,0.030906528040245764
2026-04-27T00:00:00.000+01:00,187.96593313319698,16.139464962529587,51.061449397598516,91.96844051698135,36.651867019879816,1172.8442160730842,0,0.03125041375281498
2026-04-27T01:00:00.000+01:00,177.44392161784407,13.218122437860115,47.668965369553675,95.3577293933474,33.770352117890226,1147.3461197866673,0,0.029433447793564983
2026-04-27T02:00:00.000+01:00,175.0519758987071,11.935294638117654,40.244731366894285,92.38171524232821,33.06818911082672,1065.1368578675256,0,0.03104595326560328
2026-04-27T03:00:00.000+01:00,179.37106539950176,16.121183893487128,49.46288335125478,95.95772050314481,34.28622441506734,1163.4214887354156,0,0.0294701660120915
2026-04-27T04:00:00.000+01:00,180.27862456144348,13.359745561901494,55.69099254439976,97.33445755686485,33.816796547662875,1291.2032342277078,0,0.026190142381334196
2026-04-27T05:00:00.000+01:00,185.47095759235475,14.73028151772878,53.70486160896637,97.00222718830187,35.08897619084282,1194.2344370477686,0,0.02938198322063567
2026-04-27T06:00:00.000+01:00,171.5376768514259,13.595864368728769,53.86158993836468,96.84766197837703,33.095313922644394,1259.953077129937,0,0.026267100357445557
2026-04-27T07:00:00.000+01:00,187.64775159730306,12.837623474903976,54.94452288722487,91.68950165123027,36.69131700333954,1221.6059018340575,0,0.030035314128929017
2026-04-27T08:00:00.000+01:00,179.20996050710505,15.649755273845745,50.35463036384575,90.79546452286067,34.7485052928873,1184.6291199044629,0,0.029332813712775924
2026-04-27T09:00:00.000+01:00,177.8655946502629,15.910986192363175,50.78926282962239,96.29053945638647,34.95091148914609,1196.2293414621893,0,0.02921756746613862
2026-04-27T10:00:00.000+01:00,174.93947812369916,14.308187519127937,47.5293924182626,93.31512492414916,34.30279991563363,1166.4043194362573,0,0.029409013104660608
2026-04-27T11:00:00.000+01:00,171.72571664067115,11.890749249426108,48.7357085758918,93.89111603763013,33.20253993909382,1152.6457277701659,0,0.028805502973862845
2026-04-27T12:00:00.000+01:00,184.11585291980958,14.34450666209702,52.46308459908457,90.28034183514052,35.447557540027844,1168.7059740260206,0,0.030330603528889485
2026-04-27T13:00:00.000+01:00,180.36658983594202,15.470164806483055,54.81553774867527,92.33618804347545,34.55137455488829,1255.5412909034262,0,0.02751910654410004
2026-04-27T14:00:00.000+01:00,173.55019550129472,13.225306117471046,49.442214897276,90.30308763487018,34.40305432282803,1152.2493163891497,0,0.029857300701759813
2026-04-27T15:00:00.000+01:00,173.5246061396819,15.220031903734986,48.19924294059435,97.91267195341123,34.976295623518226,1174.4727725732614,0,0.029780422705658314
2026-04-27T16:00:00.000+01:00,178.32107650354936,14.981628180992406,50.00211183542639,92.19057014896677,33.903157764669544,1193.4826609018796,0,0.028406912706255765
2026-04-27T17:00:00.000+01:00,188.34510762644697,15.695149799521307,52.40482699571646,95.01603452615707,35.87878180842812,1188.2829572113371,0,0.030193803244160346
2026-04-27T18:00:00.000+01:00,178.70204324318198,15.143496442096984,44.224580735465835,90.35081388595017,34.694100603708186,1104.0080423221757,0,0.03142558683787525
2026-04-27T19:00:00.000+01:00,172.48428523440947,13.832317270942134,40.81527618745105,96.00162652175092,33.15683734189476,1061.9919252071584,0,0.031221364828576254
2026-04-27T20:00:00.000+01:00,178.77128467957027,16.43588580199739,47.797852602033664,92.90724611178685,35.35585263906295,1142.5598285586639,0,0.030944421250714078
2026-04-27T21:00:00.000+01:00,178.63638215126164,14.809764512367636,45.11715029634337,98.08127268261899,34.393274123959465,1135.1764735942822,0,0.030297733369209864
2026-04-27T22:00:00.000+01:00,166.51556678529215,14.967234552588081,47.967439209410756,97.99306370040632,34.05330996221474,1137.5770880856155,0,0.029934947107208128
2026-04-27T23:00:00.000+01:00,179.72852566741093,13.880078449112165,49.408878724730116,92.92761556525573,35.33056883710587,1149.0402661013757,0,0.030747894464116878
2026-04-28T00:00:00.000+01:00,178.8453273489566,14.468061298570188,48.18700636390795,98.10864806121421,34.82669837737363,1197.7001264600149,0,0.029077978375362825
2026-04-28T01:00:00.000+01:00,183.4810318240671,13.93823674316772,55.80987013788298,98.96541906148902,35.823295253903474,1283.3039416722477,0,0.0279148953654914
2026-04-28T02:00:00.000+01:00,189.24478047472672,14.792464728091892,51.30697905840928,97.42874097711554,36.89816022900604,1204.1459210628286,0,0.030642598694714845
2026-04-28T03:00:00.000+01:00,185.6328251477388,17.05405017617081,51.20189743844331,97.60384212979706,35.97376006336586,1209.7006069507656,0,0.029737738293810725
2026-04-28T04:00:00.000+01:00,178.65555654722584,13.353718628482373,52.48882857617361,92.24107862498181,34.06096858550937,1192.9454073012814,0,0.028551992720742488
2026-04-28T05:00:00.000+01:00,174.46737045629166,13.063726322547911,45.44466752887692,95.1903215897198,33.82192236443815,1153.2289644219618,0,0.02932802020055997
2026-04-28T06:00:00.000+01:00,192.8667990162493,16.76540439299233,54.15644714968107,90.60530322570631,37.71391879328483,1208.2915271431148,0,0.03121259890190213
2026-04-28T07:00:00.000+01:00,180.29609217007246,14.74881158741776,49.69694285385816,90.85426143139503,35.063706342321126,1164.417201814575,0,0.030112666051033455
2026-04-28T08:00:00.000+01:00,180.06964645956472,15.114204672249796,52.68192246896485,98.99003350829962,34.061371270560834,1251.0638065436178,0,0.027225926521417032
2026-04-28T09:00:00.000+01:00,179.87937456445,16.24788562487529,45.71257106783938,92.9397532448332,34.830071087667136,1104.7624360964874,0,0.031527204356018815
2026-04-28T10:00:00.000+01:00,180.99042380383926,14.273261352315764,43.78496493593574,96.73365520843961,34.96622940924185,1143.5299837549253,0,0.03057744869480887
2026-04-28T11:00:00.000+01:00,179.2781979403803,17.191211656256325,53.27155863210012,97.25998547724134,35.292139220145394,1197.6894172992993,0,0.02946685401940559
2026-04-28T12:00:00.000+01:00,177.1316899655988,15.813511045607124,51.505638104390066,97.72220943906507,35.71872679235615,1241.549337631197,0,0.028769478352350764
2026-04-28T13:00:00.000+01:00,177.26570529379805,14.414506310225157,46.391793782569955,98.97865467661941,33.77976308491524,1145.1626324182776,0,0.029497786714871584
2026-04-28T14:00:00.000+01:00,179.83623364892,17.588769855918603,46.52134767490122,92.17346836731181,35.74598363943966,1122.0960706115563,0,0.03185643776468948
2026-04-28T15:00:00.000+01:00,177.28287614433117,14.273142092395993,54.50173913765908,90.3631574417373,35.19161639429302,1177.6732959951994,0,0.029882325186421206
2026-04-28T16:00:00.000+01:00,176.43577108661418,15.890514446411169,45.24235242853069,93.70072366195127,35.779193424985756,1108.6152294426195,0,0.03227377044330748
2026-04-28T17:00:00.000+01:00,180.53215113845948,15.35915109648779,56.570691813023856,91.17072602846052,34.9494541784745,1222.7350752495906,0,0.028583014330672115
2026-04-28T18:00:00.000+01:00,178.72511391289572,16.562089547278557,46.39751706140852,90.2018330024585,35.36689972275017,1105.4246098392669,0,0.03199395002422884
2026-04-28T19:00:00.000+01:00,187.51996494291345,16.873813436072222,52.55356770243353,93.24384144427337,36.78763760725079,1200.8719588905183,0,0.030634104939246617
2026-04-28T20:00:00.000+01:00,166.74515095803494,15.03840497887892,48.685526097004065,97.05364425967713,33.117194505257665,1191.5967224922153,0,0.02779228398345483
2026-04-28T21:00:00.000+01:00,185.45753425961232,14.09589855558458,52.41274972432937,95.09562622102564,35.58838724943911,1213.4875686040675,0,0.029327360386870813
2026-04-28T22:00:00.000+01:00,186.23042596248814,15.55196657152694,47.82354399154323,92.81500190289319,36.26294490342863,1151.2960685781138,0,0.03149749737981342
2026-04-28T23:00:00.000+01:00,169.63304883795925,14.186741556297473,49.34882837571082,95.88907804943447,32.01618259434354,1153.8318649293567,0,0.027747701868420602
2026-04-29T00:00:00.000+01:00,178.28656202959826,17.41606469703195,50.16367670158289,92.08816362277929,35.56723198887744,1152.7016931180572,0,0.030855538949255905
2026-04-29T01:00:00.000+01:00,178.14279567002103,15.163842397299286,45.99125017687411,90.12943301464877,34.81727678179399,1148.3872345481107,0,0.030318411537807243
2026-04-29T02:00:00.000+01:00,172.96244152641088,14.561614138425469,52.963297381680505,96.87918047792785,33.745451608257596,1208.3722697966125,0,0.02792637041723696
2026-04-29T03:00:00.000+01:00,176.11091656204562,15.22161636703789,47.94714573411366,95.61368776377608,35.4843918555742,1190.9446649056142,0,0.029795164209738025
2026-04-29T04:00:00.000+01:00,174.44712077267084,13.383448452564364,49.08560033863993,96.86072362050864,33.506290797018224,1171.6088745680963,0,0.02859852935935641
2026-04-29T05:00:00.000+01:00,188.76135221711812,13.834063153787218,46.02260250156595,90.350442150189,35.87947746879264,1113.7187573424173,0,0.03221592276528513
2026-04-29T06:00:00.000+01:00,184.67839196573732,16.440496689533312,39.75066536481876,97.53407665047587,36.98563478386963,1088.551594184327,0,0.033976923998337155
2026-04-29T07:00:00.000+01:00,186.3577754749708,14.211726865234326,49.23588894959932,95.57573580032673,35.37998104186755,1198.5714590352718,0,0.029518457806716705
2026-04-29T08:00:00.000+01:00,183.60836032021618,13.743706820781673,59.65046168645166,95.07055815641377,35.01493777072049,1293.8715216574933,0,0.02706214425823761
2026-04-29T09:00:00.000+01:00,174.35474114391386,15.643983303032744,53.138417151592094,95.62152643303078,34.208495120478204,1212.3822504807977,0,0.028215931985899702
2026-04-29T10:00:00.000+01:00,177.37739866860113,16.422844985595596,49.92295848106242,97.77989922181527,35.31154603847406,1189.076689689566,0,0.02969660943205682
2026-04-29T11:00:00.000+01:00,182.4468728061396,15.86274397279808,48.94843668316693,95.28242855903017,35.64348096915721,1175.2701049987663,0,0.030327905744862476
2026-04-29T12:00:00.000+01:00,173.88936095554027,16.19525722296698,50.08986357124819,95.22855341899361,33.676142914348304,1199.8186502683477,0,0.02806769415262582
2026-04-29T13:00:00.000+01:00,183.56499215086194,14.091845893716647,52.18847646070084,98.91611241359189,35.08703371980902,1222.0107643626607,0,0.028712540628157767
2026-04-29T14:00:00.000+01:00,178.7983730092093,13.293827199909787,45.276748738764624,96.81057150361711,34.17484417475725,1142.940996840107,0,0.029900794764769627
2026-04-29T15:00:00.000+01:00,178.125895962252,16.801600382346585,54.45728677867549,93.98064424906022,35.04059394819559,1262.1772129857654,0,0.027762023896236172
2026-04-29T16:00:00.000+01:00,183.55479984101746,14.612784193389437,52.861525261764974,96.36657300029636,35.66869864414542,1227.4307873876608,0,0.02905964149722777
2026-04-29T17:00:00.000+01:00,182.2213165574302,14.699000380253944,52.87274290283174,93.5030742452261,35.482100437609304,1214.7182689349809,0,0.02921014801952281
2026-04-29T18:00:00.000+01:00,178.1951691709046,16.59383297021887,51.75390295523891,92.05987916235149,34.16003609265526,1158.9081356104716,0,0.02947605167571023
2026-04-29T19:00:00.000+01:00,185.79664901682125,15.667476011280792,50.07846663077596,95.37166689198983,36.534963048559774,1129.8136644006895,0,0.03233715806397135
2026-04-29T20:00:00.000+01:00,174.59468336200052,15.547065326497929,52.69144494386728,98.35363888302557,34.42489999259797,1233.479409443113,0,0.02790877555721827
2026-04-29T21:00:00.000+01:00,183.07967803472133,17.5980028138813,52.36725653496551,98.36225568013917,36.67381829178141,1219.9596165145254,0,0.030061501868856946
2026-04-29T22:00:00.000+01:00,182.96550628984193,14.227778123543828,48.5838371562359,93.07714750294942,35.512480731830394,1145.0189823883336,0,0.03101475283646112
2026-04-29T23:00:00.000+01:00,178.45226780343006,16.113408153697485,47.7055929084124,94.74909719599526,35.541183280121885,1156.3341077686568,0,0.03073608487490232
2026-04-30T00:00:00.000+01:00,181.6306651112106,15.068415749876502,50.40742518104795,91.90472308712874,35.491555572381955,1171.299919937152,0,0.030300997181222648
2026-04-30T01:00:00.000+01:00,173.7444321180735,15.32231073463591,56.19608060598075,98.96067998548995,34.79923984273958,1292.7512922264068,0,0.02691874303432914
2026-04-30T02:00:00.000+01:00,184.62013509603452,16.834162111695036,45.043571697384394,98.83006117081142,36.32097800475307,1137.565322417038,0,0.03192869656713884
2026-04-30T03:00:00.000+01:00,179.07548931778504,15.60940290754755,44.12989893699024,95.84558036736702,34.934246355955814,1098.0026430119476,0,0.03181617692661209
2026-04-30T04:00:00.000+01:00,177.3863848974048,15.64595529485956,50.659043364946065,97.23972653709725,35.873366153806074,1216.6707513069275,0,0.02948485949487279
2026-04-30T05:00:00.000+01:00,185.24504612918446,16.287008804771762,50.20355080742407,96.4359014515533,36.48867724147197,1183.843593996378,0,0.03082221116583041
2026-04-30T06:00:00.000+01:00,176.4782815472862,14.562056724548537,50.69336665748163,95.33842397135521,34.671025787504846,1200.2048294486465,0,0.028887590631869162
2026-04-30T07:00:00.000+01:00,172.9576935181822,13.992948399193192,50.975812791634,90.48013197290008,33.1040914992968,1164.0820672673524,0,0.028437936147412406
2026-04-30T08:00:00.000+01:00,172.2168541323805,13.74622896717476,49.10719098146078,94.09287908297395,32.93762010456025,1152.6612703994765,0,0.02857528135142868
2026-04-30T09:00:00.000+01:00,183.0300497567282,12.640372092748798,55.95945375440833,96.0730767195067,35.12893962312992,1257.4891165346407,0,0.027935780247496243
2026-04-30T10:00:00.000+01:00,173.5978532375186,17.467448555928385,43.596384086093934,96.09778452495316,34.60592829569759,1107.8043200038135,0,0.031238304157884544
2026-04-30T11:00:00.000+01:00,188.77397090992181,13.67614996113398,46.686011900879016,93.35810356580146,35.74426434621091,1143.2610977810907,0,0.03126518029484735
2026-04-30T12:00:00.000+01:00,169.59035296058138,14.734495651697074,49.58698095940381,98.47522787992227,33.45594342423265,1183.57176796634,0,0.028266932626922977
2026-04-30T13:00:00.000+01:00,188.4822818414502,14.667824040133295,43.427244755383335,91.50621329013103,37.000220548265986,1050.4245945497162,0,0.03522406152735486
2026-04-30T14:00:00.000+01:00,181.0550873360131,15.36888803737092,49.296582382271716,94.50323501594005,35.5797419451513,1160.916450979253,0,0.030647978082435794
2026-04-30T15:00:00.000+01:00,179.51643444064803,15.978884655047155,56.64588066291207,96.21795578895741,34.552737842230265,1280.498760453651,0,0.02698381201867703
2026-04-30T16:00:00.000+01:00,177.27540456595526,16.032568186031693,50.083545953183844,96.27422225302628,34.74206990852815,1180.151918865449,0,0.02943864205375168
2026-04-30T17:00:00.000+01:00,181.99568057176035,14.300307073717274,50.92280362287473,95.83775061091934,34.756930260081226,1189.496977867883,0,0.029219855877550337
2026-04-30T18:00:00.000+01:00,179.81182648787575,14.799453943456307,44.959340939309676,92.47759392106674,34.73781480366834,1129.1499970741017,0,0.030764570600613158
2026-04-30T19:00:00.000+01:00,185.51650941008262,15.33909594058596,47.53455436784209,91.40585911817959,35.68848776681476,1121.798624341645,0,0.03181363124576786
2026-04-30T20:00:00.000+01:00,180.5711382433102,14.701570648579743,48.49921447870425,95.7234629414404,34.78716207491047,1134.0283611453547,0,0.03067574257117861
2026-04-30T21:00:00.000+01:00,180.7515088073094,16.92881469122399,48.72913961297506,95.39371904525494,34.87092157335451,1163.1119291462105,0,0.0299807101101196
2026-04-30T22:00:00.000+01:00,178.18193893893073,15.589169941965901,55.126575180015074,91.61420409260317,34.78129748847369,1218.292239505619,0,0.028549223544744803
2026-04-30T23:00:00.000+01:00,179.71527188139467,15.881853343259781,52.2307642429005,96.34625231013507,34.8533576324375,1192.829253760281,0,0.02921906678811372
